symbol,address,type,gauges,fees,bribes,algebra_pool
stkBNB/THE,0x2afed1ca1bc414e123b1c4e30e8f6fc513c8ee72,Volatile,0xa1c4EC3634c7E4a965bdC9aC361E6C53D2415391,0x4e768B93Df94269700b740e5c8D90d15AbeA4c4A,0x4e74C1fF50eeE346c88f0BE846E2288c9D3C3539,0
USDT/DUSD,0x1d863277b38be56347c4ebd9b6120052c27d88ab,CL_Stable,0x8Bb5D9AfE97b59f29d5B2111D5DaF73912DEef03,0x51f4ba581057cA5289d07ba9B237D3cF4F7E0339,0x565dF549F172B51a979d197E6827d882FD838F16,0
DAI/USDT,0xbabef76f5fa36a37236e0467bee30bacbc371aa6,Stable,0x0000000000000000000000000000000000000000,0x0000000000000000000000000000000000000000,0x0000000000000000000000000000000000000000,0
BTCB/stBTC,0xa63ffefb4f93a68fbe1339b87f72aa6f5ea8e0a4,Stable,0x0000000000000000000000000000000000000000,0x0000000000000000000000000000000000000000,0x0000000000000000000000000000000000000000,0
USDT/FLOKI,0x537672472bec1246ee9419e1716e221c9d0c04f6,Volatile,0x328cC2Fb8e3e69E8DD2BC67488f886820F1D5752,0x064441A3fDEAA279bD5312c7f8398a12483d9869,0xf022E496699953486A7bCab0639C57F328740ED4,0
MORE/arcUSD,0x3bfc63eb779811f59d41045394f612da3f450678,Stable,0x0000000000000000000000000000000000000000,0x0000000000000000000000000000000000000000,0x0000000000000000000000000000000000000000,0
BNBx/USDT,0x88e1ce1e3e0171c83150844bb2f0bd2266802da2,Narrow,0xcF37Bddd36fbf113F60f7aB7fc15997819007b94,0xA9d48669D0F28aEf9491AE0fD1ebD59cDc1a4455,0xb98fEa13B785e559300aBb2B0a091E7D0d8ac9d2,0
SolvBTC/BTCB,0x079092a9003a80782e277cc76cca05576563bea8,Correlated,0xd0f2b1C83544426d8De428736C098c63F79d36a3,0xADE474614f521C5dCdBF5E988D3C96d5826eC2Cf,0x96BFd1829b0ddc061bE1A747F16854156ad28404,0
BNB/ANKR,0xe934278276c0274aac95dadb9783f02a27c351ff,Volatile,0x460dfe291bA48E5A498DA29025fFdE46F776aaFb,0xe9ce7B8D57c82aEc1E49D59Fa4bD3A435C9e6CA6,0x4698A5534AD6731D201DC3fdc9E8fc69f03a5C77,0
OOE/BUSD,0x15538fc89447927cfef14ff2e5f7d870fee98330,Volatile,0x0000000000000000000000000000000000000000,0x0000000000000000000000000000000000000000,0x0000000000000000000000000000000000000000,0
ETH/inETH,0x37958cb88cdd06ae062e08ce90d0b2384ae34f02,Correlated,0xf304BA6E32C6b5068f091b7189526cA6aC0756E8,0xe9099DF249AE097298D34c6ab66D45aAD94EebE0,0x372A8E421782b7664afE7d87a3Fdf8BAAa6FB884,0
BNB/rBNB,0xf9cf0b2ff50d13aba7aad7e9314b096bfc0ace7c,Volatile,0x909Bd7ea6f40d8183d9F84d452F884a11243648B,0xb10203e169A06B1c24f36B20431182756ef1488F,0x334dfEE6fCc821825A5dc7ffB3B73EF4Ef7c7807,0
USDC/PLAY,0x16184ec3a17285b33c22b6252c2d94ca54d03341,Volatile,0x0a9555e82166a99A8CC9fDC23Cd5CB88d6BE278a,0x512A4fe3Df6d1A960193B8A62c2E413dDFcC87DC,0xA65Fa008ddb928d65504A1C0da0F521b16C08bC0,0
BNB/LISTA,0x8df540ef17f44de603b6c044baaf82994899068e,Volatile,0x0000000000000000000000000000000000000000,0x0000000000000000000000000000000000000000,0x0000000000000000000000000000000000000000,0
qTHE/THE,0x0d075baccb0614ee93ebe761a9803d7ded662ffa,Stable,0x0000000000000000000000000000000000000000,0x0000000000000000000000000000000000000000,0x0000000000000000000000000000000000000000,0
ankrBNB/LINK,0x641bf11daa7e8089ac7c813a71402f1e3726587a,Narrow,0xE6Bd8f09d60c8b088269D0D33Ff743CD79fEb1AA,0x43355d162C4023921974697c7fE1f962D442a7E2,0x1667b20ab79A2dE352bd439ef75beFbcB1F0d12B,0
MATIC/BUSD,0xeb58a4d07990ff50b9f8289701cbddf9052570b5,Volatile,0x56EA1BA750Ed06e5aBcAc9e014ac42A1B1e69e65,0x1093186059CfbF0662F471540E57DCDaFfcF0929,0xD7938eD3E318D30DD739A1410a029C7ca4651606,0
XCAD/THE,0x4bd4ca8e30b22d8594f4995df08df2530896a4b8,Volatile,0x2669C0b93aE1160cBB64bd5F461C95Db0822Bc48,0x963958BFe190708BD83Ff7735c080d05DDd75d03,0x4F0299c2dcb90a12Ab582E4b26ff85d2B952B955,0
BNBx/ERN,0xfef51cdc788da1c328639551597ce495f199f047,Narrow,0xAaA4F484E4d89EF56a0FD7fdFeAe81Fb3a470572,0x1b3a1b24FD0B043999f96Ed2EF8156DaC7C22dbf,0x7151f482308F2b77F4A25dDb75e2D305DD60ee3d,0
BNB/MATIC,0xe47cf3aeff7a07dbefef391339cad4988b162ea0,Volatile,0x75Bf4e88F8f22Ed697f63772b5F18818447BD1B8,0x8F7933b0ae924154C1dcFdA363D6Ce86fFB4d405,0xd06aBd52CC547d03Fc62e840bec2240dE08e45DA,0
USDC/USDC-jCHF-120-vLP,0xadbe21683f4c7a8f0ba8dcad54e49085352a51af,Volatile,0x35C86aa411a27Ff868c2ad8D2f5D3c569B92A2c6,0x5BF6AE3E40d7e9952bDB6835483A8055f703C114,0x05f8878172e9734152DE9AB2c9d055949A0E37eb,0
C98/CUSD,0xf4d3afa871f1bb9d5db7f057ed555a4c549b5174,Volatile,0x50Ce550f7E75c86bD3d57C82a1bBD87aac08B94F,0x7510563989fbd9490f54a6AA72d1307aE35FCCcB,0x05C83cBdF6601061EEc4601afdBF56eAdf1DD2A7,0
MAI/FXS,0x10f9f7355fb75c73718afad8adbc7bf72c5a0715,Volatile,0x901E6178466aD221Cb4685d9E98519021ACfC5C8,0xd7c8FCF44cEAC11E804F44f3A8cc666B8c644C21,0xCb41137625f8c5F5f02FaF1c8457e8a8B6b199F1,0
LTC/BNB,0x98c0b77ef258b5cb226bd3c2a72c8208953d1e70,DefiEdge,0xbF5B2bC4Fe0522e0FA75745c410c638e6E6A93D3,0x2caEdF86a39aD64121B24f581be4Cb393C8CD178,0x5682F55ad9823f89749A4Fc35090288cBf6c0366,0
ETH/PLAY,0x9938256dd2c6a436233685e910efaa44f6d8e81c,Volatile,0x872d5C17aB31B15554faDda7C89C68B54b84f44b,0xd24f6d7Ac086e409305fA222069e422D1a506f0c,0x1d114BFf05CfBA0365944A94a757d1332eF8c64B,0
lisUSD/FRAX,0x04d6115703b0127888323f142b8046c7c13f857d,Stable,0xe5F912110Bb8A7F44634D82775d6106c11043a89,0xf71d0d8434260F8ea2D91F1F2F60de817F5855a1,0x2d7547d8233B57887B660dF0DcD55dB0a209Cf89,0
USDT/USDC,0x5eeca990e9b7489665f4b57d27d92c78bc2afbf2,CL_Stable,0x1011530830c914970CAa96a52B9DA1C709Ea48fb,0x18548BCF71bD9D71820AF952dc89abD5F298ABd9,0x2a2bb61Dd8DE7701473f57de52162e83624D0cb3,0
MAI/BUSD,0xe459556595a224d7f12b45e93138f4a1265ac618,Stable,0x3EBd78D993C10CeEb29ED8EFe86c3EB530B173AE,0x3Ed0f4AB43561631b5E7Ee24C46eADDEddc49F06,0xc3197068207fc5C0948FD9F50FBD5E51076FBA4B,0
MULTI/BUSD,0xde4cc4446205d1138ecaa48b2cb22b8e06e69bd4,Volatile,0x16555FCec68a2160CfC7cd200F5B2aE7Fa960d46,0x57B4496037BBaFF2D2490AF694fc545CE6128c55,0x4c1AAD6AC7C7CF5CC48d40dE554Bf151181f8f34,0
XCAD(old)/BNB,0x3ec80a1f547ee6fd5d7fc0dc0c1525ff343d087c,Volatile,0x40ab8d70895786980C7e3A77b5Cc26A39813aDb2,0x6cb6388e75bD8335AEFFb8F5179bd1ABA5ee45c5,0x9816890888A4a5E9A37f6AFb07CdF9E856e183A0,0
USDT/BNB,0x3ec1ffd5dc29190588608ae9fd4f93750e84cda2,Narrow,0x56996C3686E131A73E512d35308f348f987Bc0D5,0xF0939d57eDAF3642637f0c95F475901FCf11Bf8B,0x944c4804233bD525301B39A71F86BE1aA9d9bFD4,0
BNB/LQDR,0xec4484c7f7671914e897b1aeb8418fe12e320f21,Volatile,0x2531aF65168757D595925e2a6A64Cc231940A5C4,0x797e82e4e5Cc9E7c23A5Ac5b9b68581763162BE1,0x02edd49EE5e2cb1fCC19A980b78cC332Cb937AF6,0
BNB/SLM,0x13660309e0001884d53e86ea21f1eb1d6e330a05,Volatile,0x131FF1B80153C6D80a74dF3e6D9A166807Fc53A8,0xa65749BB32c2b6e61b60Ce48Db03020702A14d5B,0xc07d658bEfD650eA94Ad7D05DCa82D79bf5b1130,0
FRAX/sFRAX,0xd46da49357a3c9da115b3bf20b31b2cf3e5de58b,Stable,0x9a28999Ab91f31389C2E6Ec5C6dFfb63eFEeB18D,0x24C995d8E0613D096e464469Da083a90595873AF,0xACfc958E69c9471D21CF7A7f132f7abf20CD0869,0
ETS Alpha/BUSD,0xb23a34cc853e47d8bfd148baf066b6f1541571c9,Stable,0xe61bcDe74cC5fe165AFa4cf24615AD776C62d0a4,0x7Fc231A14Ab43ADc96E765937aeAf4Fa8A53C6e5,0xCE6f8eFc5a724906278ee76B9396d2667F60d4dc,0
ETH/BNB,0x10bf6e7b28b1cffb1c047d7f815953931e5ee947,Narrow,0xD777E84b0D29128351A35045D7AE728780dEf54D,0x352d6c7BbEb6229ba7eF01900a5D7655C09bE0Ce,0x6878cEB5627de989d43322768CE524ECD209af1B,0
FTM/BNB,0xdeba7bd1a7554b50de71ba9a194fcc369b326e6b,Wide,0xD3BE973Bcbac45B8209f0DDEd1EFa5e8B91297e1,0x53441631792e075aDDCd8524c0d6ecB78f28F3E7,0x8163E26CE7961Ff885c998897b8E4222c4CFde0F,0
BNBx/BNB,0x2ecbd508c00bbc8aa0cdc9100bf3956fcabe7677,Correlated,0xf50Af14BC4953Dcf9d27EbCA8BB3625855F5B42d,0x2d50f6bC70D4B90B87Ae9d3C13e4EA89A6395DAe,0x3eCa692201aD45f56e139EA7a44b068d09F8eaA5,0
XCAD(old)/BUSD,0x8ddc543cb4be74d8a4979dccfc79c18bdefd2dad,Volatile,0xe550859A3DE1D425171d203B4404544354Ba7958,0x3512Bb52e3Bb6a6a98AD2eebe1Be51C6970e58FE,0x5866Cf30B30D5fA9b03ec305FBa1b8D1f79729F5,0
USDT/GHNY,0x0b4ce324b89537379939abb3b35b04b4cc1cf4fd,Volatile,0x12ff6217B92C4b6b773DaB53dfeb216894Bb60F3,0x11fB4012D00b3FE8CeC9fE26ABAb08B238C89222,0x2Afe39F548E828D3FFb3fE92c7003CC7fA5895c1,0
CASH/USDT,0x9c95ee2db6b6d167ad26b65e85d3e642ffe85587,CL_Stable,0x6Cc6EaaB8D850991f9C4C88Fb8898e7B68F8aFa9,0xA3D0B523c190c3176F0aEcfc6d9998A6A9d3Bd4f,0xAFdF574241eaeCAF561CC8912820138af94eE1b6,0
TOKEN/BNB,0x19134d9a91050543db1574e4689fffc448ebd726,Narrow,0x632Ac298Da5f576DBd7B9bf16B30ed8C327c8A4e,0x673c694044fe29a87A78400d5289F06241f90d23,0x689a9F5E4d097eb6C939899855ab28eA5f0D27FC,0
XCAD(old)/USDC,0x6190e79064213e6a2997355153f57904fb4910c3,Volatile,0x64a69c582d3442266A20E731aC297656f916d316,0xA6723A672a4C46e383E6371367D1A9b777dA57D6,0x673Df93F39DEabfE66B26a4BFc3c472B1Aa27351,0
FIL/BNB,0x1f06c7e323bc3a5c94bb6b760c128830cdf6adfb,Volatile,0x37E874371024E98267878796170873B440ce5f74,0xD7BE63c6E076B68F78C0Be2794F62DAA653dcEa4,0xA3Ee0978478Ea76348bf3Be5fcd6B01150056FCC,0
BTCB/BNB,0xbd2383816bab04e46b69801cca7e92d34ab94d3f,Wide,0xb75942D49e7F455C47DebBDCA81DF67244fe7d40,0x1D01dC1Caf7fE93efad71970d8e07f64AE5BBB5d,0x157e9c18B51dAAeFd9E6A1f41586C20E6870f0d1,0
ETH/stkBNB,0x5f4ced6237bbb278b693a2b46d3ef1f45ba27ea9,Narrow,0x0A4e8987E60A8360Bf237C67F04bEE939FE071B8,0x41bE772a72a9787194321Cc28CFba85191A8a308,0xb957BF87e3F3E93dE7C235Db9b8c2FfeB3fbA8D3,0
BNB/NFTB,0xc03d86b6685aec46909ea5c54943e2a1238e02ac,Volatile,0x5F12C7D52E0D91C320FB9bf7Ad148EB8806FE38d,0x4533aDCc18a316EeC311d84dDae15A98CfAeF300,0x51961804A1DD83C6e5bC47e5377103df81D620C4,0
BNBx/FRAX,0x314d95096e49fde9ebb68ad7e162b6edd8d4352a,Volatile,0xD910fA9f7E9a9A553F93737F53A0874e22B2c493,0x7b4DB9eB17B7493062E33CBEfd13dB783F994cEf,0xe0904e2076f8E08D24929362602Fdc218F79b722,0
ABOND/ICHI,0x16a8e3a8390766315a4f88e7c54de53ef3df1cb3,ICHI,0x9fF726DaA390f3224439D94ea70c2f3fC832f3c2,0xe18b8B3125271Fc0FCA6493b567940Cc2b5079B8,0xb7B6733c8411891F6Bd082FEBCec34f9678077A9,0
ETH/USDT,0x01dd2d28eeb95d740acb5344b1e2c99b61cc3e64,Narrow,0x8A07590FfC632cB258Fe627B25D304CC7Cc3998B,0x41ce727b5D1d2E4e0f92Fa582d846230B4a01a77,0x581edcae3E1CcA97698a8a4aC6ef8943A4AB666f,0
ETH/stkBNB,0x430aebff902ab1f9d76b07b621aa611d0a0c8996,DefiEdge,0x0C0877E20419A2b7A6Df20738f0E8f66851E02e3,0xAcC53b7dc0C13B9F8b8c5526a97c42991c58ba45,0xA260fcE4368B4944045888864E8f2Af7ff84C1C1,0
frxETH/BNB,0x4d8b720f4625e083a313d13267a8b5e2f186e7a9,Wide,0x5dAD2D8D3Bf5bCEFBaE58396162785bd4080CE48,0xACdC1B24DbD48ce40D7d2a38b5925f9AA77F3e95,0x84160B0b79ce1900A2799456eD1dB10892d786b9,0
DAO/BUSD,0xf81b6b8aaad4c37f6f2e8aa9988f28ea8e82bb49,Volatile,0xF18797c8F905EF9c1342Bbc6241A9d6e2A179e72,0xF6304f7e065d7fb43401fF797B34c554FA83Eed5,0xD0D2C3dE665fBED9275cdA3B610804872970C2cE,0
FIL/BNB,0xc89004ce7becd2b39c44260327a603885da119b5,Narrow,0x786958E9DA2627510D0c8De0bF59bE994653f26a,0x77EE0433e7Fc2c44B6AE075Fd33E3955baF2DB5d,0x96029F9afc65F6B0f34c337d1Bf12C62e4B5B478,0
sfrxETH/frxETH,0xf937145b516cff1ea501cf1210832a5b7ea42c3a,Correlated,0x9632cAA7800427B582E66f0784A00e4156A430cd,0x8Af4e70Dd6d481F57c5776B82288F06D2b81F31a,0x6343ef6495b6F6B9C624076f09D23e67b19C1976,0
BNB/SNS,0xff44db9498ae6dfdda1e9a5a136eabc7e2b931ed,DefiEdge,0x2896cA367Bc972DE5Cc5E0387DfDd2633c20d232,0xB844988042C1Ffe685354b1c385ab18E62e701d2,0xe75E8ACa984209d8b3d7F99F87137Ea793324C80,0
USDC/THE,0xc6376e5452ebd75cd4de8e0d597f66ca38c1fa77,Volatile,0x099A84ED38bb63b03bfa2AA1021Df3cED988d01a,0x278edA187a1d975A557453DdEd7184140A10CcB8,0xd5c01b12109e20816834F62cf4f3DB3c43BcBa16,0
lisUSD/CUSD,0xad0b947374feb8e21d7cffdfe394d2c59f5e06aa,Stable,0x0A244dc63658ebE1654eFF2889e0F80cD1F07aaB,0xcE4dc84023DA52F4AE578caCD8a4982b90ae0197,0x1E83DcFe8C1D2e434F447B7968fFF9F063719A14,0
FRAX/CUSD,0x338ca7ed1d6bede03799a36a6f90e107d24dc6ad,Stable,0x01770eFfbfAEB3aF342b86777F3d5939970E0605,0x7a25f5C5E1D3f007A1F880Cb23037c7313A23b25,0xA1De3d1387EaF152f4A4426D9c8701b6abCEEE85,0
CHAM/BUSD,0xdf63a43aefb5c1aa4040a3a121d2a8c00eebe7d8,Volatile,0xF8e815A9BF9B9b8A1Ad4750592ceF87207b29a20,0xe325a08bF922A745b219cc49e7d71fa27531F14B,0x1a4bd9AF457618a85E0c1524dCA37dff1d8020Be,0
lisUSD/USDT,0xdf0b9b59e92a2554dedb6f6f4af6918d79dd54c4,CL_Stable,0x2Da06b6338f3d503cb2F0ee0e66C8e98A6d8001C,0xb2FE5f1BAb7181892305F411Ca5F5678a3248004,0x86B6d95D8b4571613ea256F8ECEEA1f3D61B6951,0
DOGE/BNB,0x99621c478e1e668e9e0714dd1ade5ce60df23427,Wide,0xBE60a65c7ED8f8358094Ece60E75BAa8264B36dC,0x9220e376E3638435302F52CEffD2F25E9fFc82fb,0x73048462F5ABC44e21b597f45c41B1a73AD22A95,0
BNB/OATH(old),0x3bc5650d2afe11aeb805e230968018293befd561,Narrow,0x79bA07Ddeb03fD3561ED9205C6ce5c25A2B7F317,0x9512F42fD844b5De0762Ba1b5302783f0B5d7F5B,0xBABaF87334253F1eF16Ee54b5463700BeA10680C,0
ETH/frxETH,0x54d59cbe2a6711a766a70932a1d41c2993616683,ICHI,0x50C13a63d95bDFd2b279c9E6431a58bF08e39E1D,0xBBB9EEB5A24A1825A529A20DD65E19435b12e448,0x968705ac5BA14b1A600F971e906Ecd764f8f74e2,0
USD+/THE,0x7f74d8c2a0d0997695ea121a2155e2710a6d62dc,Volatile,0x6A2ea09AcD90e5e1f751B73a7c3B2C3a94976dB6,0x3Fc65d2c65448FFDDC641e92105E1C38e0A6d039,0x094028f6f57c1596132EC5F33d32f45494b15d77,0
LTC/BNB,0x1d411b4e0f7a8bc2f3d1c2fbaddce46f3f2f0c62,Narrow,0xA72d8bA4868F817a4a908216cA1855d28c3Fa4c3,0xA1F2C952715d600502a754A73853Bd3014E0129e,0x7eE53533A0c3844adBB1AB4a37801a07141e31c6,0
DAO/BNB,0x948c553d8c25ad7bd034086f0aae9a9d3c028b90,Volatile,0x8Cf2f3F1E60F61D9f1bbEDDa53794560BA55da6A,0xF294239f84Ba2C1842B4F8Adb76a882cB8038ccE,0xe614897E322c538E26F0240400EdD503209e6046,0
lisUSD/THE,0x0f8bbc44650bf30f53343c3d2bf5c10356b64bd5,Volatile,0x7bE80587520Cec6dD71b898b63421EDaD94cb899,0xcE41C00b4aB8AB877d119e4048F2a19E2B5b5805,0xb3bb6BD388D6e343A25E14701a497875F03ae932,0
BNB/BIFI,0xbad27c20d0a2428251585f1fd509685e48f307bd,Volatile,0x739Eba3d4Af5205A42Ca25D990b0918E3d8fF8BC,0x0352DBe942ca0FD44D3f0Df9d90B5A077F89CF68,0x5BD7CB4e8c7A543ec5219355D53884b550210E7C,0
USDT/THE,0xa051ef9a6fbea340bb734d022e7b6a3ad9fd9b06,Volatile,0xf1FA952C2E3b2faB77F0e243544C035F14AdA63E,0x8683A66b1BE4B49014f10150433BFf01d41593F0,0xbdA90f2F8be3a70606db1fB82616D8c2Cc21a4C0,0
FS/USDC,0xed6a13a30760c3a3795c5f5d7b6f911a3de0edd9,Volatile,0xbC7E044097C5b9DdaC048eC34D510745EDB0EE68,0x6B4b111515f32edBE3fb824C87165C8F92cb446B,0xe0183c28D8f8cF447BbF013f54c8969640eE9640,0
MULTI/BNB,0x96aa798ca64ad5bdf64f086dbd1453982dccd6f4,Narrow,0x7Dc9BD33663CF207fa5f9f014Cab5290147BD571,0x3DD16B87582d93bBB188bAfabF5289722741F83c,0x3d99271a8B7c9e844C0191bb9096BBC1F242A61f,0
lisUSD/frxETH,0xa4d37759a64df0e2b246945e81b50af7628a275e,Wide,0xfcE6eFCdf42F6b4e5B48884889934c006B3D8bAe,0x499885D2ef52EB85102208b3E0E49e9669dD95d8,0x217977eb85c0925f590cDADaffAd21ad8f85C509,0
USDV/BNB,0xbed76f58edd506a0080b413ca45b2da29b8e638a,DefiEdge,0x02Efa2775445980F6441d7dF6b42940f00FF96fb,0xC1dD416cA55242ded42524fAFB711248140C8020,0x58cac02b8de21f6DE47913CaF471Ba0d251da0C6,0
BNBx/BNB,0x6c83e45fe3be4a9c12bb28cb5ba4cd210455fb55,Volatile,0x59e0Dcb1F5EbaC448C8f30d026DDDfd8C3f65380,0xA7EE2C15A3f552221E596ec91d6E2C157296F58D,0xE32b26ae83645a35312A077F864F043BAF3A2a55,0
AVAX/BNB,0x7b2f91d226ad214ac42ba21a597d99896311ecd1,Volatile,0xe1fcF3a5924192D461e741178d786D249Eb018F6,0x181C6Bc16c5e92F1e2855a5e4133335bDbcA71a4,0x8d1139Dd2D0e4fbd1FF4bA9211CC2A211eA788dC,0
ETH/THE,0xdaac487bb3a411cb9251794bb7c7b04cb6d1ab26,Volatile,0xDf7211C6d4fF85Cc7228f91861Be622852740024,0x0b8217768742A5baB6A03c7994Ac73003E8ddc2f,0xb642A89952bE3D3Fd79D6B379a178a052DE88CfB,0
BTCB/BUSD,0xd5b7877cd8056f38bb37fadb63fe698e406f3870,Volatile,0xc0d225dD49Aee2812ceA9e7171bbc076F20BbBFf,0x9A4E27C58cD3a3a399b5b90c558744EB6De54Dff,0xF655A87e1d01a1CDd76eB10BFbfeE24bbCf9082A,0
BUSD/SLM,0xafd1a0319909d66046ef5c1237470c2ce02edf2a,Volatile,0x48d949Bdd739080A7F70784f87163e8674d41A5E,0x600D955A0b790385EC9951AC59523a29d3db8cCC,0x13aFffE9Ea4D39a0145e24b463aa21a7c89b595d,0
lisUSD/frxETH,0x69e8c26050daecf8e3b3334e3f612b70f8d40a4f,Narrow,0x3C2bff1BcDD838646182cFcC081e05E85A713FdB,0x21CCD95f132eB211f255E3DeE06E1E82B0B981de,0xE7Ba8bF0b8b73BC3A67512d83720b9c788439642,0
USDT/FITFI,0xd523ac2609c3a56f945242cc239e9f47c018bf6b,Volatile,0xdcf549dC28cCf49578e2C9Db8eE0Dd10e93031e8,0x6612355C052E424d4532B62c87643C6a1377817d,0x1C237354ec719897Bbc28c96F2D4D7520902dCdf,0
FRAX/ERN,0xac7042fed4e724107fd5778f4a9cad894a5e18ab,CL_Stable,0x7c1b48217d061401cD55CDad540bc4210055fc0E,0x972c9B10dccE8DB0990cd32e9A8E079b9f3D14d0,0xeD3D7369bFc411c847b1D52e6C8F36809e5a01C2,0
DOLA/CUSD,0x7061f52ed4942021924745d454d722e52e057e03,Stable,0xacf4bd5D90215C6cA9d5B1d884E75fc5574F7572,0xb6c7F94dEd0f96b08A69560Fe07F24060A8AD105,0x439585f06ED5878ED1ab839D38cD13dcc5C45608,0
OATH(old)/BUSD,0xc2dc97a4afe061186ad5ca5231f964a97ce305eb,Volatile,0x2DfdeDDAfB4A2d756FD56C3756Ce2E6554119700,0x67E0d02139B9b080D3B3b0ce71a101373d9A97c5,0xa9C5bb1Dce8c6D812956C5d44b1E4Cc2752f2D7E,0
USDT/dXCAD,0xda5edbe3f254046cd8cabec6758e0b1122b52d6e,Volatile,0xaD188908889d47Ea01Cc801d0Efc39ebBBb1dD04,0xd9a2251816da875BFD8691A2101728f769Ff8bf8,0x7A3385E8eEde0570754bC7259f8E0f534a2611cA,0
USDC/DEI,0xc092c8ef0909e422a9b7733734d971215f52fc2d,Stable,0x3034ED86468eA18519be43b775e5F52Df8cb9E04,0x3493bec02dAc827A09E868dce12D47eA10678ad1,0x6080182042Ce6c47cC41a4dd81CA7Ab69Ce2EBe5,0
BNB/OATH(old),0xaf6389e0281337cf810b5843ebae12dbf5a0eaf4,Volatile,0x6e7Fd7e78b672720F2c01B47d1d8269cD9844057,0x8c9a78c764f235c9bC460b3B7643BECc35b88ebc,0x7EA05b499239b27ba6933395B0A9967Df1BB3B91,0
MIX/THE,0x4174d369dc35bade9dec9d1b032e322517a945ae,Volatile,0x59057C2a13e1682A2f2b30D12D9852840d613AA2,0x08af25DecfB857b1fcf1Ac9d16Ab2160Bb528fF7,0x9192B7009EEc46a3125F9c4FE1f228B85FF4F6f5,0
USDT/XCAD,0x1a839f1887a76cfc113a494df08d3b4343afce19,Volatile,0xd695Bb80cF5F665ed76d56fc16232A022087ec9F,0xaff3570aC0c10Bce78259ab594eef196249b1d70,0x7611BD12F498A9abF3500b54C8Ffc56fceBc2762,0
DOLA/BNB,0xc5856601712e8a74d57cdc7a47fb1b41c1a6fae2,Volatile,0x4dE020E928C7A505Af973511B8FD4C4A57d745b0,0xa077d5b77ECe94C3e68e5343021bDb4C9CdAee41,0xa303bB70961f5Ec2525FF4EE2CAfB7A138BFc0db,0
ankrBNB/ANKR,0x3f8f3caeff393b1994a9968e835fd38ecba6c1be,Narrow,0xd44ad81474d075c3Bf0307830977A5804BfC0bc7,0x036F8ba049C7f4D0454CAe3Dd80bC2f7B50f5726,0x4c51D160351a682d1d59408689FE8eB6629b164D,0
axlLqdr/BNB,0xaef5143cc00d91be796e51cc833d6eeb3e23e1ce,Wide,0x282fA106aA900c0E221aC177EF968B703AaD1bE8,0x1f3a8a2CCCDA99bE15E73a1434bc4b292cbbb220,0x4166E239B3D66bA9659ebB566BdD190d9191E85e,0
FEAR/BUSD,0x7d46e0498e485ca5e5086e900f14a3fcc8a22ae0,Volatile,0x9ccc3909A836f70b9215c6Cf508257f70C244ffA,0x4e1accC19687AA75D34a288e5d48668d490F122e,0x7fCa029ab221f526c0be1665d6668bB44c741327,0
FRAX/FXS,0x3c9bd1f914d6f0e0cd27a1f77e120c061d1fdbed,Volatile,0xD206F777aD9d9BDfb16d8a75813D205E00b032D7,0xD645ba5cE47d25B2228324370409331076E26437,0x39304bcc9c7fe2A07Ca7f03c631E26Eb72Bc64d5,0
lisUSD/USD+,0x1f3ca66c98d682fa1bec31264692dad4f17340bc,Stable,0xB0a69681d82c90B80B689BaF43ccfa6270f1DdE5,0xDf668DE731E524EBfCAb57E91a739E357352a244,0x1c5f9A3464371B441AeAb28E4ed2a23cd1A9c6c3,0
FIL/USDT,0xff755d0c1c5b9051a3617221e10394742679f5a1,Volatile,0x10333aeE460d13c0080e2b73caCAFC1a1C4997Ad,0x7D9048FC697A2EA1EC14cac23eBE8E697A61F806,0x1Fae821E4b5AE0516C357670794Cc814C11e2569,0
USDT/PRIMAL,0xde72dd50dd0ca9c8c48b04f74c5246b5545969d0,Volatile,0x3dEF3D9d34280F1F5C4809ea3b7713eF33102443,0xAEdA31A6910daE94Af92A83726C9f22b8369Bc8A,0xDEbDA20607b400607b1A68e722149c76a305fcf1,0
FTM/BNB,0xf753b7e59e1c010b5fd89737e874d4ca51d9cc23,Volatile,0xC5351D3eb8b8B30c9Da8E7B88EbD37176C5e0A65,0xe121F8d71585AB87E8F528b4151323fDE7c21d86,0xf36785AaD4e034fe0cDD706666C367CEe6451550,0
lisUSD/ANKR,0xa2c2c08afefd3cc69b9aab797dee5a1886388783,Volatile,0xd92b1C7A0B00F6d986759d3Ab091286E2d873C08,0x97990Ef087CE2e1e8edD64ED6FcF817289A74060,0x9fb804B8c0A63f3E9e7229FBb42Cc8F3FE5dBC4C,0
BNB/CHAM,0x0ec098aa4bc6a31e4f804e653f0488eb0feb1a2a,Volatile,0x510c37834E20027E9987c7d85A3040BAD8e1365e,0xDB4B7919E19be5A690A4CE3976A0B1e17f49aaeA,0x9886d65f37444D6388BF3DD0E078319FA3EeA8b5,0
PRIMAL/BUSD,0x721f0607e3b3ad025c3f996ef412a62ae461b15f,Volatile,0x36E56f65B9F5c756289811A4c55923AFbFf31BBe,0x1939098FF60ccC1ccfE4F367c9a4d54771d142f7,0xbCD57C82d8A267Ae5A3bF88561Fdcd3E33FA7924,0
XCAD(old)/dXCAD,0x3f4d5c667d918dce84c89cc63998776d21081089,Volatile,0xE6cB40Ad339f673c5bB302da5Fd80aCF9267BD98,0xB954FA34Cca698a35FfEf27fF4f8Ed2cA1083662,0x1499d8D247221aF454d80255eD91CC4323a2A6b8,0
USDT+/USD+,0x1561d9618db2dcfe954f5d51f4381fa99c8e5689,Stable,0x3877c2C3D75aE80f2Ed8E9d4d68e3C1BFc77e5A6,0x921c8388e14E58d30BF2aAe0F5F7e5FE35dD0d78,0xE00a0d3e6fb3d1756986b2D177790226bb9Cb14b,0
SD/BNB,0x7dceabfacebd27f708fd9e6918c431d747d4bf0e,Volatile,0x490931dc67173805b258b8Dbc572617d3Ddc3758,0xd37C5c3F026BbbAd0663B41D07b9347F16762ddc,0x0cf7CD6729D5Da4A3dBCbBca0AE1F49366c38B76,0
GRAIN/BNB,0xa6da07730d7e9e5732e6483cec67573e00ef45e7,Volatile,0x1E33a156c694D0C35C579094C76eE87F501257D0,0x248bA0b38E0Cdf35F8BdFC3B2CAe430Dfb911136,0x6DD7eABcd601004ba6936571C9E7AE8FF21bFe00,0
BNBx/USDT,0xacb6a2c03c8012c2817efc4d81e33cc0978e3abd,Wide,0x2a2d5Fc3793019C71ce94a07B85659943b832E41,0x4344A1B35D576117aEd6bDa25660A8f0E73bb6df,0x148D57Cd07E5e4fE78D112494797CA030c4aa813,0
eTHENA/BNB,0x9798a3835c8c87bd92803c3a248ae0042fbe4c6c,Volatile,0xC3b03e57677E4015eEec4e7ceC467cE71B7d1FF4,0xe87400A25576E7f135fA202822a235A1533C9265,0xA6DdA6dA3B6cC0dc4A70B0CBcB91dA34dE23C75d,0
DAI/MAI,0xe03e9ecc7d4c45c6985bfb909d9bb3aca5ef18c0,Stable,0x4C03928ecCc1c4505ea8BdFE748120Cd2668D4b8,0xd64F5BFB971B225D9b98f48117758143FAc4ec10,0x7462A36f6deEDa289Ffa2B84dC20fB3Cba792624,0
USDC/dXCAD,0x565f87c3d57bb990f138927f1e0cbb268a3e72dd,Volatile,0xE7baA1EeDCf394C83A3EC5BBc5696e66824dc456,0x1FB4f81590643cAe94782918bf844F8B55394248,0x75cBd35Ad1630E950826c45Bd5918285f4c76D15,0
XRP/XCAD(old),0x2127bd04ddc9d8d1a4fafcd96b4d4d81153831bc,Volatile,0x0000000000000000000000000000000000000000,0x0000000000000000000000000000000000000000,0x0000000000000000000000000000000000000000,0
USDT/BTE,0xa59e44b69ff2c5b414c6f1cecdb3bc612cd35bc0,Wide,0x325279dcBcd8015AA1B15dC2C32dC415b5A13428,0xD26939B8a1076bF3b0832AF9df7176FCD4ea2FEd,0x5867CfDB47A02cffaafAF35BC33516216FD343fC,0
XRP/BNB,0x29203f0a3c733e9b605717f9b2abfbb140740f58,Volatile,0xf1EeD8522033C5A04F8Eea8B9d82D5D7d3C1962d,0xA8272E0800a7a9A35Af66412f364b904dA19A8Be,0x1f4EeB312fC8676e2806Ba6aA3f086e5A083777b,0
BNBx/USDT,0x19420fa1d0e350b5d46a8d3b24ff2421744eb54e,Volatile,0x2B66EEBfce76486bc023AA5D8526cC6C89b52e23,0xC1BDdeA0055a22daDc82F5DEcfE488bfEDF49FBA,0xed85fBec34161B073bb7410a94060462ae65D9dA,0
USDT/PENDLE,0x05f3abd2b008e8b36a410f3c42e703cb776cecd0,Narrow,0x6159847C54F9aeEB8545A95C1f2FDc3C9DA6FD35,0xc4920Ccd0113FA106495886d8De8AE342069f3eB,0x8485cf264058895855C1a7461fa59FF931e87291,0
axlLqdr/BNB,0x947fa4f702cb6769034f17451241a9d0568daa30,Narrow,0x457eFa9065Af5205407d2cdc73f79368da8532da,0x0073281fdA9F33700529B0154bA12696327f2Ba2,0x60a41DCfbC72B809E27CE3D6961fd4480B6F04B5,0
ETH/LINK,0x1abd186f1ba4cf6cff32514454da180c05e6df21,Volatile,0xd9E78BA3A992F99d3652Bbd2f9E3105bA5143A2f,0xD93e548f1423b50F2B455cBD611D74cE4C304EB8,0x3B09D40A0302e532384394fAfDFf696290E8340C,0
BNBx/SD,0x9698e0c7af13b6cef8017a5c34eb2b3d053c491c,Volatile,0xcC51Cf273D7Bf3A9318C2Db35beCAc9EB2ef7D0a,0x849061dDE9a2f2f37Dd8e8eA3862d1500488d8f4,0x9b2bA26F83bD4c639a323064A66A96c18CE5D2B5,0
USDC/FTM,0x535aeeab656c0fbb07da64fe4aa3a15dfc6834c8,Volatile,0x5912f22C57A4758086235b6DD290537cfB8E07BB,0x5a388cF16C739dbDc1c9aAB6882a46E224014f94,0x079F4C2a9C243CcB3d72d06EBDE8F8773e05cA3f,0
ankrBNB/THE,0xd2f1045b4e5ba91ee725e8bf50740617a92e4a5f,Narrow,0x08dE2140aa0B2Ab6011A8FC7D6755BEc0903caf2,0x52D96D104b3957eE03540Ef036Cb661127653e0F,0x10E4Bbda02ac7061E96B66f617928045fDa54E22,0
USDT/USD+,0xea9abc7ad420bda7dd42fea3c4acd058902a5845,Stable,0xC031B5218704eb0F9D33956A2DbE26fACAddB80c,0xA6579fA1295DccA02F461bD8438ff12ba3597D12,0xaC4152d6aC8DBC3D02ae5844C3a24B7914736C20,0
FS/BUSD,0x6440889ed931ca08a0a06b064cb233138e8a263a,Volatile,0x78Eb102F0bAf637a3fD21c769fC72cCac9C6BFbC,0x5B307E5Ba87d01F34A6cE3a6Bf0EC4d519BAF6ff,0xb19E4a627d991CdaE9E45ea58B99e91079AA2a66,0
USDC/FRAX,0x512909b2bcea4348ea3284bd167095dea10f2f40,Stable,0xcFf4fd0cB59E8F0c16D459D0F125E68e05e6fE0b,0x17e0c1737D3DE83f31367b3822b8600bc294Ea08,0x496c1A27A44862181BEc4d2728FC15397daf6f5f,0
ETH/XCAD(old),0xe2d25a87e97a1016c35f736ea77a4d6bd1919e74,Volatile,0xA342DfFc59BB8df1e00129cEb0a244d0B1343591,0xB701282c36C12F87758F4fE8b7b1B242b97004BA,0xC45Ec55A4cdce8d68C4dffC9f460E79523480603,0
XCAD(old)/THE,0x3a569cef2c6445d198f90d3d87dbfa3c7977ceb2,Volatile,0x7c6C485b536F8403464f45D6246ea2D1bC412CC8,0x5570D510e5Ec34fE4c781C03eEDC9CF5185aAe37,0xbe39bdA0D8Bb1153dA9cE7BbA41513fA8F502D9f,0
USDT/LQDR,0x89590bfdf3c5e052a27d5727fe1fd17d3026f41d,Volatile,0x0000000000000000000000000000000000000000,0x0000000000000000000000000000000000000000,0x0000000000000000000000000000000000000000,0
IDIA/C98,0xeb6e35fe9f507eb1a35fb048584823652d4d2797,Volatile,0x47644450C15718D740fD79720f61c774fb6dc354,0x02Cf8Bf02B9952a6A177afb016752dB9e1779220,0x37D2Be8173Fc4f16b30d0c508DDeEcC641714355,0
lisUSD/BNB,0x307936b725272ec6eb19d4d539207554f31e6231,Volatile,0x439ACAcac553c58f26ef46fF627E2F3A4c026a5E,0xE5C69d54DB292fB5E0fFdD9AEBbA28d8e4f5Dd47,0x83a183952b61355A66dFEa080886fD2D1037a287,0
FEAR/THE,0x3ce33ef9f2971b4877d39718dbfee7c01ac0cab6,Volatile,0x5F3fc633d0332e40e8b196Acd6E18E2822c3287D,0x00CCb7859C2bb9237993c30376A3dB38F1f000D1,0x5A9f80D26e0Df884e4138B653B513a0B12E64E85,0
BNB/PRIMAL,0x6dee59c19fd1d067bccde52640becb43c820214d,Volatile,0x872AaE4cAc7dcf9F42dc6E3c09fF3bF478Ed0d68,0xec857ABbd2Bb729af12189c76D99F6A222Db95E2,0x7b10226eeEA5844806Ac690996d57379331E3812,0
IPAD/BUSD,0xc54f536ff19ffce40a82cca2903b1d7d48af69e4,Volatile,0xF42b091224625d411561fE525BB59956dAB4c9C1,0xFDe616174238615E0e92AD5d613A95a35c4ff5dB,0x614Afbbef6F89A2C2C5987C6d3F1361A5166cB4D,0
fBOMB/THE,0x18c12680aca1a2660adc88751b49bd156f435b3d,Volatile,0xd9694Bb4538596dF94Cc6A76145560097865Bba4,0x6964242C920689C1049EA3c29dF10fA99d6e3600,0x7179d4B36344410DFd00532600fa5089b90c4fEC,0
FITFI/BNB,0xd9f88f54a73b37463fb8f15ece98e0d1dcdcaab6,Volatile,0x786Af790d78cA636ff365a06b743F21df249FD37,0x880fAA55Ab800941613F68B38359Cfe66BF1cf94,0x7418c6B63382E4DdF5D46D8eD820D5C743701554,0
BTCB/GHNY,0x7b00238cda460127e4d2cd6ce59155aab2a5342d,Volatile,0x55272839d6D290088148144f637bF7cf530F91ed,0x5F05631f8B4c07566AEF613f575c1ec16d50AF09,0x83505a68036C7ed07fc613301206E01354Fb0a4f,0
THE/FLOKI,0x82a72d1eecb8fffabbd0073db95d06bac1577e09,Volatile,0x90891Ce21D73A46a76cC320A372CcaBad661763D,0xe79bD78d3eD454ef99441Fd67ddA2cd8F88AEb97,0x86E244F94091c730C96DB36c53DE28a42D9C50d2,0
ID/BNB,0x1663786974fecf742bdea32222c96bae58d0fc65,Volatile,0x4A79cc9DB438F8DfF9290ABBc2439BCF82Fd9292,0xE64cA21F6ee61eEeD3A2c64cc84875c8e730E43b,0xeF299f3eEA75408F0FA363062b8092bBAA42D396,0
USDC/USD+,0xbf9dc59a2370f1e11dc34c889c69d56bd7786db6,Stable,0x0000000000000000000000000000000000000000,0x0000000000000000000000000000000000000000,0x0000000000000000000000000000000000000000,0
USD+/CUSD,0x150990b9630ffe2322999e86905536e2e7e8d93f,Stable,0x87644FC2d1Fcfae48b0B51282Ce8b5A4081ec68B,0x80fFbE849da43DBE54C715ecDD8c7B4E36c52B74,0x8077d5A4728f6CdEbEF8503c8F66C39633AF347D,0
BNB/multiBTC,0xe2256f71f3df4765a3602db66747ea87a71057b5,Volatile,0x7739f50dbF32735907f7ecd56E0492eeb6E83F44,0xE1134553FC6D3b215b27e805E6c8Ba864b3eeD9c,0xE6caD482d68c148df21E6D1b461505Ac3Aa6c471,0
TAROT(old)/BUSD,0x928fe97eee1f921d80f25dc2eea1df280704fd03,Volatile,0x77d7d83668b37C48d30077cC2385aCC36DeC8102,0xd4C1e7d1967D3aA3f204A67b95D8c7FA47CDCF60,0x86353d356BA8291abACDa96F3AE829750BE08367,0
GHNY/THE,0xf581b44ffd48eb84d984cababe7221f3fc85fbe0,Volatile,0xbA7a0B44beD33E52eab242342572FE451bED0072,0x0F1443308777789E5196B5FEb0B91B346091F131,0xDeF43Fa19bd82206CaC6c2236FfB84807207712E,0
USDT/PLAY,0x6357f7a66e0a251e1b7acaa54cf754a14b54ed80,Volatile,0x55C83f2CF1Ef5EF83A1888F11A422DFb8766DAc8,0x27053c85801aEdaf976787FBdB3481f98a80A754,0x699aF45c58bCB18012acFf1dA555660EAfE08524,0
USDT/OOE,0x88db83b049e6996b7d599cd14665e2a875b61974,Wide,0x637bFC4c53b26F0ad287401B2477BF1af9cB7A00,0x30adA95e13a1Ea116d80c79D9aD94f5F22dE60Ce,0xda447227A7670020C621f82497e25710517AD589,0
JRT/BNB,0x4dbcf190cbdf69f3b013da6fbb911943237ab913,Volatile,0xbf9014DA4635427079F021E2A37d70e0Ce2280f7,0x3ee7FA9e0B90f7eDd63518A5E31878F672B76672,0x872B1CF7491cAb32434e0CBC045aD80375505048,0
AVAX/CHAM,0x6dc3c6efdeaf592c2d82add41d7d42e00097cf4f,Volatile,0x35De3850BeDb6f1545EdBbFa3B71ef715EbCFE7D,0x2E044Da1250df636F189bd44079cc1F7B3325cFf,0xb2b5dA6eD31A708d5ea25D8fE41c4a6d4dCa4302,0
ankrBNB/ankrMATIC,0x372e0fae9dcd0a0b3cf184072b5f2a17a2b53d92,Volatile,0x47E8C6929932f016A8372f5c26BD26676888Be35,0xf35c3D90735E13D598231E3c36B32d07Fff866f7,0xC95bA3308fe2C3ED383f427941CA8A3A17A7Fb32,0
CHAM/THE,0x761327ad8409da88bd5485487b8f64b9a5295dd4,Volatile,0xFeb05aaf9F7E709D3eCcB5D055966ea6a0be1eE3,0x27Ce6af1597e3d84d673689d0Ce8625B1343fFC3,0x7425CB0513bf057D157C9E9Ad69337C2d5334F8a,0
MAI/FRAX,0x49ad051f4263517bd7204f75123b7c11af9fd31c,Stable,0x2Ee5d2bAA34E86F4af9D727dF1FF6CeD2dDBdC40,0xC47B38400031B6808Abd61b1f4868AA86c5E0e8d,0x5c2c0E71FdaFF857A9E5eF20548D043bfCC72F1b,0
USDT/FRAX,0x8d65dbe7206a768c466073af0ab6d76f9e14fc6d,Stable,0xB34dFF23AB5B612Eb21Ffd8A151eFf452899f0f1,0x53FF9427c0022262E4b81868f0F249a2351d7014,0xDACD7870c8C0e96525c599DE8E47CD0e44D4DABA,0
ETH/XCAD,0xb1a0e5fee652348a206d935985ae1e8a9182a245,Wide,0x772aAE6a3BEfb989299A02e68AC598F9f2423Ee7,0x9A3e0C6F12ed45349b4f8E23e513d48CB33B19F7,0xC786a80Bb29d837662dD6266b3d39c0129c5B032,0
BNBx/THE,0xcd8a745f72f4aa0334f5dd1deaf2f19cd9bbc5be,Wide,0xAa0c2A8cC48651aA0adFCC1457752746B71587D4,0xc35D744d2f54Adc062f86F131BA29466828e3304,0x74cd6a8B28Ad21aA3A6e88d1e5513B6198F8950e,0
USDT/USDC,0x618f9eb0e1a698409621f4f487b563529f003643,Stable,0x6e1ae9480F393Aad98A034d382F86493963694c8,0x7521C09649C1470f93a41891b81f80bd66a7E1Ad,0x7208CF0255D9Ce40f0372e23Caf793e590702CE4,0
sfrxETH/frxETH,0xc2d245919db52ea4d5d269b0c710056639176ead,Stable,0x24EF4203cFe8b37688A74dfa6320Dc0758fe22E4,0x21F87734030e6f702fA11b82fCD24B8d9f550743,0xAd8779FEFD8E531449ddBdcbcfe658405F7ab768,0
FS/USDT,0x1f02f41906b4e1909166e542eda61ab2924c5a37,Volatile,0xC2D55F8209D3D8298B6D7d4345480dAc9A125bE0,0x9C996Bdb02EBF1a0A05BB3CeDFBc9f0c90504BFb,0xa4Fd40D6360D7Ca8D4aA332ae4Ba99344706ac09,0
liveTHE/THE,0x3765476bffe43cf4c0656bf3a7529c54ae247056,Stable,0xe2C96A636C64322d444C58dE20e599B3ce9c6116,0x615e9560ce07142542A209337F529780842F43b9,0x84088d7338ef6A0C2FDDF7A21c40eA5C3cE7Fed6,0
PNP/BNB,0x2eb01cba9bd6ef07fea4670998f096de8a83c4ff,Wide,0x56335D9015A1e5BF1CFCe29304F3A70CC2BA1d5e,0x726Bf3b83E5eC3f5942D960D2BA227AFa365C484,0x1045C74713831CCc7c4a128a8a7a641aC34f0dCE,0
lisUSD/ankrBNB,0xc6db38f34da75393e9aac841c08104348997d509,Volatile,0x967bF7CAE5766872D3d7a229202638cA01b35Fa9,0xEe68ef68070eC38d4683077923bCdAE69B3dcE8D,0xE572Dc2D166E6b78354FD1362f28e852ed0F4C08,0
TWT/BNB,0xc4a17162da872640c49cc191759f8b423539c7ea,Volatile,0x0000000000000000000000000000000000000000,0x0000000000000000000000000000000000000000,0x0000000000000000000000000000000000000000,0
dXCAD/BUSD,0x238a45c2c6531356ae60da6123340dd203d5336a,Volatile,0x8E1029F14bE595E5993486d8d21C51a6e534886C,0x4C7765EcBc5BFcf2cE86B4e9d406C14b158C9F8D,0x6230Ac5B3fA6bE068686dcFfCa0f4AC7e48b3bF5,0
DAO/THE,0x71eadcb77a5b3b7749e08f52c595761d821c4638,Volatile,0x0000000000000000000000000000000000000000,0x0000000000000000000000000000000000000000,0x0000000000000000000000000000000000000000,0
USDC/wUSDR(v3),0xf7369b1d005f2cbb1887233b5aa0cb0b39fb9891,Correlated,0x56019Fe949C29Ec8b895cFFAb3292564CD1C3e42,0x7D7Eb762Cd55547c5b0cd81eb85B766674C5589F,0x476a8b2b5A3Ce197939E35bf46b223fF748119Ae,0
USDC/BNB,0x4cd8a94975e275bd327431e2225f3afba73b56d7,Volatile,0xd04967Fa3F0cD0Ff746d83b14f91EC9ecfF77Edb,0x45cB2b4EE642d7Cd5B33Fc6F7355e058010f68de,0x3Dc840FC084F042888F724D42Ad84b1161D76030,0
MAI/BNB,0x16b32ffcec07c8177ae037c69d10234edcfb0a5c,Volatile,0xcF32695bB0a9719C05643d24f608C5E5B6313aC0,0xEB8FeEf646a2262113991CA8ec7ee2D2fe54630f,0xd788eA24772500eb2B9e1B35E51FdAE8C4C5894a,0
MULTI/BNB,0x075e794f631ee81df1aadb510ac6ec8803b0fa35,Volatile,0x7Ab3e3cF64657FD89fcb399796f0888206766601,0x57Db630a7bdF464F9Db0C6389692E0E600ea5A63,0xd7542f9Ba7B42e92B920cD989E7CEA97a1C7aE2F,0
FEAR/BNB,0x899845719b6fbd9c9e16a869ddfcdb0499edc01c,Volatile,0x87a3FB64dA67e1D7bcA0f097C33594709e9D52ff,0x0f655A2f0C58f2D83326f7B9d4e55A243de0780c,0x3Abf3D2d9918F7cd7ee43eD822B9c8698Fe2898F,0
PLAY/THE,0x5a797d22b27c13a98df8147acf95771f7b43ac66,Volatile,0x30C69104d4f305B7403F7Ae6e68a8ecd39884CdA,0xbBF2e43A7C61CA1E818D7abA0E398d2fDd47EdB5,0x4d332410AFddcc288F6cD62c96119a651F9C8bFE,0
ankrBNB/XVS,0x3d53ac3abec01827caae5bc934d46b171cea2206,Narrow,0xF446E006ebb3cb8fcF31429C393d8976270E30d2,0x701B7D94f512845C9578f1270d7d478624bcd276,0xe59dCe22EB2E170747dFE444898eec4C9295C47d,0
ankrMATIC/MATIC,0x138104c01d0c8fbeb5d6caa99a38a93e9a7868eb,Volatile,0x04a5F3ec27D607F28Ace826885818F4Ff581AE65,0x26D0a7cfe3035e7cb116D7653E1Cf78104aFa529,0xed5dCcFE0f1527254EBAC5D44576b76b5036Df70,0
ankrBNB/ankrETH,0x44d1f00e75fd074f6016bb1dc326dccd5d04451b,Volatile,0xD12C7026fA2d738D931A72b2d647a3cb2e7B1280,0xA2589E771B0de80Ae79EE72617f9ca1dba3180aC,0x891Ef7a57b5dd7DEe99A943591c396b69e1f29d8,0
USDT/TON,0x48821e0ed39e50aebeb1b079132b4c6604934f62,Volatile,0x65ca16EA167944C4A1fE2db7860AED5c3b2a1546,0xCE629312866eCF2d4942a951798cA5E6e58B71C3,0xf15312C0dFd192B3b7e9E38CB9147fA7a93Be516,0
fBOMB/BNB,0xccdedac1973b6d2542fb1b7ece843b81a9ee7070,Volatile,0xB587A045eCe29F98d398010b23550a78f36d2771,0xA7cb85cc0985cd8e4Ae85134eF3F9F5e5A589b8f,0xAE6B5316b84fFb5341CE1e1495d685e329bFEE01,0
DJED/USDC,0x80551245c562380140668b7df20a7e9c773d21bd,Stable,0xE30Ee861202664395ea440cDF08D6A4e9C09D7E9,0x6C57F857dE975Fed592c20Ca6D8e849aFAcd031F,0xBaac62cDF23d2da1f06bF661bE57364667F8dc35,0
BTCB/FRAX,0x3c5e16a6ff3bb4279b520d208c86338f3a404608,Volatile,0x0000000000000000000000000000000000000000,0x0000000000000000000000000000000000000000,0x0000000000000000000000000000000000000000,0
ankrBNB/ANKR,0x31257f40e65585cc45fdabeb12002c25bc95ee80,Wide,0x7E4F069107cf0EE090AF5e4e075dC6Fcc644C61D,0xCE09F020EAE72414B9FE180f55AcF3FDc5138A40,0x8FC6CC3956A8EFbeEc361750f2C6ca9FFa9423f3,0
ETS Alpha/USD+,0x92573046bd4aba37d875eb45a0a1182ac63d5580,Stable,0x24ecd1D83Fe90821a5b064A3EB1535Af543eef98,0x82EF03111E627465aFf0849E70b3E03a0695990f,0xA5f7C96B4c92f0143D8617778F8592D54252dD4B,0
BTCB/THE,0x1d6c1de20424831fd6f843f1d39bf96265b3899d,Volatile,0xAb75B2D521E698794A85eC92Cb34C771d8f48C5F,0xe3C19D7586d8C073831942233E8E62D85ea3Cb2E,0x39693783992446Fa818ff8284df4eB1bF8c713D4,0
USDT/SEC,0x34915f659f820bee9247956cab4277a632cfa230,Volatile,0x0000000000000000000000000000000000000000,0x0000000000000000000000000000000000000000,0x0000000000000000000000000000000000000000,0
DOGE/BNB,0x37487428a2cff3e21f9d9452b4f6759cc23e4805,Volatile,0x0000000000000000000000000000000000000000,0x0000000000000000000000000000000000000000,0x0000000000000000000000000000000000000000,0
MIX/MATIC,0x4e2bea8412d58c45f4c723df7223c3b21b9a309b,Volatile,0xe072405Ed4F83dB9f86519dE164Ecd6cBaEf42E6,0xBEc5190c358a1b5539c287dc75614aE5076a339f,0xcC3b7B3b84E68259a296D08Ab6488d2B4edCA943,0
sfrxETH/FXS,0x425198ea58ab9cf9001f59c8aeb8c413a6dbe1b1,Volatile,0x3e8F8b80cFE96BFED4CCdf56416a5A979321221A,0x7d8009fA624a90aC191b825B986626E90Af2Ab56,0xC74cd552a683353F724d573Ba803aC160F0FD75a,0
jBRL/BRZ,0xa0695f78af837f570bcc50f53e58cda300798b65,Stable,0x5D920774510db19feE38851fd1Ba40d85a107B99,0xad95f25D1b0c03Bbb66923F8dc9809133C2Effed,0xFCa9fDD219C2E309EF88AeC7387152bF8e505246,0
XCAD(old)/USDT,0x46c69a989dc56747f007acfa4d6bc7c9fa8137bf,Volatile,0xD62DD882aeE1117fd0D6211342a89336c518Ffc0,0xdD1e30A1Db778f2E7Ff1AC794A7D9387461332CE,0x78d70709B4C793785A0241FfF01B650E0570F61f,0
BNB/PLAY,0xb8a85b80a12931fe2a1f5db9295fbdae03616e9b,Volatile,0xD66207F31737b77070f3A593224FDebAecE467Bd,0x56DFd93645BCc1F34838504eAa5b5623F83ea3D2,0x2c65AcF78e9D5378eC771711C31ab7af6eAFAD63,0
MPX/BNB,0x51bfc6e47c96d2b8c564b0ddd2c44fc03707cdc7,Volatile,0x0d739cE843d0584aAE800f54685d1fa69cEC1190,0x237557d5eA86841a634Ab4775A2Bd5e3C3f8c8C6,0x8c1fB9CB10f7bF5b73A29c68824F14003A649457,0
MIX/BNB,0x0f7d50a2728de6f94b3ac8013031f527572cc9f1,Volatile,0x4BE31cd6cCc28EeC41dD9cB8A74d788C83B01db0,0xFA6f38d5c77460e1A0A9CA3fC4504ACCe3C8e779,0xC2384e084922fE494dC48d948cF0A0e5096dC369,0
PSTAKE/BUSD,0x67e51f1de32318f3a27265287ed766839a62cf13,Volatile,0xdf82f7c62B6e0bFbF36fd3fd3e9Cc174179a9642,0xf0676A022Bc73c160fAF1eae79046e6652226fcD,0x670A2AE0389df544cBb2F093f77A33CD3a206717,0
ankrBNB/BNB,0x9c9ead6cfd1ed4dd17cd44eb12229364dd541697,Volatile,0x177e465f495299b092BB3929BAF01Daf36FA54AC,0x41924d036D0AD928176396fF400872584EA0aBEc,0x99ABd4e626Ca5f1ee8E7f27Cc508f54cc64F2Aab,0
lisUSD/USDT,0x6ce8014488877f91234ef23012193de6bb0009a8,Stable,0xF5f8B4536eFdA6272032a7d77C054148DfDC0495,0xfA091a4F409B7bFF797Ba7De46964ec32aBE0028,0xa99159c9686B873124E0C35A76A6f145C2A6CC14,0
ankrBNB/THE,0x3575155f5b0eada1e4fda5bc84e2c2c7cef1d9f2,Volatile,0xaFcD9BE5311d3886C08D52E4FA77a30386db7597,0x3980510C3617E1A5aeDe43Cbf7c2e821AD4897bc,0x5EbCc3dfFe1065a4c489D68C10750d09A9084E6b,0
jBRL/BNB,0xf019759f450c8a1c8cfd4e9ecd34e09f72d7fae5,Volatile,0x7fDf58A330cdA58C9dCfaf936367116cF806139E,0x15f2EB640bb953A82243542fF1c6729D11aDCEB9,0xe04c84354a8c4DF047AE6DFC57f9BEafFe11C3d2,0
USDT/ERN,0x3666f5900e50870e2f84b9a7a26a1ec68adea8bb,Stable,0x0000000000000000000000000000000000000000,0x0000000000000000000000000000000000000000,0x0000000000000000000000000000000000000000,0
CSIX/USDT,0xce7c38ece02b55070208b2e070585ea5321748e1,Volatile,0x0000000000000000000000000000000000000000,0x0000000000000000000000000000000000000000,0x0000000000000000000000000000000000000000,0
ankrBNB/BNB,0xfa0429a7eab25ec8d31e247e725afd931cf6bdfe,Stable,0x6A1fFaDe4407Af4Fe3c3c9Ae47814334366C0e5f,0x002ee26A5909431306D467A0BC57E8Af5187450B,0x70629C8054f85CBAfAD65226Dc7334619F38F49C,0
USDT/IPAD,0x9a5060c8d45a0be40d2e0fc4c4bd40b81b948f16,Volatile,0x3205CB6af307465bA1BAab5450Bb23b915546f4F,0x7808BafFf5D332BB256Ea5BD5604B54Df81757c1,0x79b99dD668e31cE49558d4719746EdDE94AAe932,0
NGL/USDT,0xd949476184b9c94ed2130e8175d4139654ce2339,Volatile,0x292808a49f981A0D442feABDF1e822DB01EbA0E2,0x586868AE41C4682dc5390A7C1273565B10179082,0xabb81A71f6f72009A7867e2f7c6BFb8D6402A2Ed,0
BETS/BNB,0x21f60af65ba9a20c3320b6938aaa60237f6beea8,Volatile,0xa6Db1ea1aeceA1089F815d92Ca30B34c17610B47,0xd920356C401aecAe3D082f50293E5D0d0734EEa8,0xF9DA23f905f24381f2966ceBc94b38996869E2F9,0
USDT/PENDLE,0x094b905cca7b4afe244b1cb85361d463a280aaf5,Volatile,0x0000000000000000000000000000000000000000,0x0000000000000000000000000000000000000000,0x0000000000000000000000000000000000000000,0
USDT/TAROT,0x2c4166641d5293551190c9f01ac50d0b6abd7086,Volatile,0x1560D23c5DB98d78537253332b067A6B8981E432,0xa0d6d0f08E5f37C4A91165cf7365e6DCb1926C51,0x8D4C8B25620dFb89B9F9BD7654252b9bfAc8F2d7,0
BTCB/BNB,0xa76f85e67269d50e2e27cd840061ae76353ca3e3,DefiEdge,0xB1aC77e4F5D1bF5a6B9D2e7DBc27e28dFdE7D926,0x92cF69d3824518d8B7c15E52100E453f8747f618,0xc7E5Da4e8420BaF497A92a8ca5a6d0B3c97c3468,0
BTCB/USDC,0x16348c6e93ac30604555d7fe74347c606e5d520a,Volatile,0x0000000000000000000000000000000000000000,0x0000000000000000000000000000000000000000,0x0000000000000000000000000000000000000000,0
ankrBNB/XVS,0x2f25c65815c4b9b80468c3a7228699d33a2d33f4,Wide,0x86E0d396763Ee02869C5D425AfB74F1534ce2e1F,0xd81A1b1587374406882e18D8a37573d968194D9A,0xD2aFcc8B5fe91a547d549062D5A0cf5960Ec8265,0
BTCB/BNB,0x1c19e640d2509d3a5cebdadd35925e4492e9fea0,ICHI,0x8b94E4cDA12F3fd7ff26929deA3C2b41B3f3FeF9,0x0b261bEFdcbca9FCd627D56B8a40287004D8E183,0xfe3f841da036A76278f7F82cD6a9f53285fCaEC1,0
ETH/BNB,0x2f708f0a0945db7269b01be252e1c9f201186055,DefiEdge,0x5A1D548E2fE4B0Da80394d0497B3ad7A20A9BC5E,0xf243c26651DC992C13afa01462E8Dd19c76C62C6,0x787FD141D4CbCDDBEc1Ea3167E0c340D294f345B,0
OATH(old)/LQDR,0x32629ff547f1e619f4c37a84fd66624ca0ab01d8,Volatile,0xbcBBE1aC1E23c86153b828a15c9DC027cb299cf8,0x702841FF845b878dCB83b2874469Eb624946B1af,0xF8ef74E4a2FF708785e0c41E92ECe16F47D94Fd5,0
SOL/BNB,0x936d06d7bf9bd851c6cbee3c18da654659f4ebfd,Narrow,0xEC4cfFbbD5B4391c661345d6961220FB97d38db7,0xfc20c1d0a4F243D050dB7371370e43D7BB0499cc,0x75Fc85D96F37eE4D6516de74d95386ef34d6397a,0
USDT/BNB,0x468e041af71b28be7c3b2ad9f91696a0206f0053,ICHI,0x3b5Ab310458D13d39Fc6d65506EB1807F3907449,0x742396b8066f8A7A31B6e381918a72e4DEC2dc65,0x3375aB8DEdBf0A83F8C54Ad475E6E48b42df19a8,0
ETH/frxETH,0x8a420aaca0c92e3f97cdcfdd852e01ac5b609452,Stable,0xeF206aF047F687529Be45c435256BEEB391fcec8,0x7FABFd1363065535681CDF3fCdc948e868c5A5D3,0x3a007F34B10A8C7af73af7Bd6e4F833dadc5225D,0
jEUR/BNB,0x18d6583a0238c141ebeb3ba3e39ba4481312ed37,Volatile,0x0000000000000000000000000000000000000000,0x0000000000000000000000000000000000000000,0x0000000000000000000000000000000000000000,0
ETH/KOL,0x74a4f4722a4c105ecb9be131a86d1e0344d4e6aa,Volatile,0x14f6D7042662146627d07762eEd0db3Dbaa63da2,0x5233E23f73E8E20B0682e13fA840045E24844258,0xCb107E54cF9814d6d4104Db7eD681AC845b51f12,0
DOLA/FRAX,0xfd66a4a4c921cd7194abab38655476a06fbaea05,Stable,0xabeD4aaAd66583827D5f8b66381D0661a32D3D4D,0xD45FC0eE56D9B6f440ed5A705677b5E3398604f1,0x1E0d61C4072f8DeE0C6E1666Bc87d38EAEBe9332,0
DAO/USDT,0x56edff25385b1dae39d816d006d14cecf96026af,Volatile,0x5bFf9d4Fb1857dBb4515c12780dA2b73CFF5133c,0x39d6317DB2a78B91F1672b907937dEEea54996F3,0x4882e82427a881317F9C7f138CDEAAc8447748cf,0
USDV/USDT,0x97c4decba0438a4b6f871561963fc41b222dfa10,Stable,0x110aE9CA1279E8094950CE011323B5b7DBC85EeB,0xB4749Aaa61fE71F7b82119090406c390c8f4137A,0xB39AdCaf5d3E6A7D81D8AE0681bE7fEA5312FEbc,0
USDT/LISTA,0xab092c47b23fba03ac1f0ec5f8e94110eb5fff22,Narrow,0xFdA89bc1FA5CFBA791Eb6bDBda6Fe06669208dd6,0x0FfA43033A45d48D6ee55FbB91d7001D547d9DD5,0xBCf09f87ED9207dCf9EE5f89c8980ABE9f5C0402,0
frxETH/FRAX,0x0d8401cbc650e82d1f21a7461efc6409ef55c4db,Volatile,0x4bba4d4FdDE2C887981A0b55b6f385bAaba58060,0xD392Dac70B885fBcb6C087897D3Bd12513a79ABd,0x96251528F282fE0D6238DF9fC050e02593E86915,0
USDT/TAROT(old),0x8efeeae90e67051c4f9130dd4f27d5d443e58a8b,Volatile,0xf11aC842B1E7f2AB24f2166E874cd6cB8Bc3F32f,0x9bF00bAE46D3D867477cF82595f4D02C95f3E533,0x346C027a5807d1213263a2f3A0f0EBE097C05f0A,0
OVN/USDT+,0x0571e491cbfa2fdb449a329196e01e4fdc9caf7a,Volatile,0xa33D08C3194d34f49c18f4dd8C8bfE03f16f1c90,0xE85Ee8dC1c6a6337ca551Cdd85312f4fC53cC0c1,0xBaA1a776d49a03f451fA5156aAB73EFd0b97618B,0
fBOMB/FXS,0xb36a95de98771d419df5fe51477db738d29c4afe,Volatile,0x0000000000000000000000000000000000000000,0x0000000000000000000000000000000000000000,0x0000000000000000000000000000000000000000,0
HBR/USDT,0x5af2ad763af72c0c4a58d528313a2537e2f9e32f,Volatile,0xA5Ef5F7eC6091885B0471Ba581263212e477e49E,0xf8026e60560b4c740Ac9E2721e72F4C6059dA720,0xfacaa3bd51CbEAD5dbbbE0219352c2122337225c,0
lisUSD/BNB,0x885711bedd3d17949dfed5e77d5ab6e89c3dfc8c,ICHI,0x6090B7C4Ea9C1c0d6b3E9e9277b2aaCbd8160981,0x901aE478E97d7D7d0fa7ac3A0De34567665a2f2e,0x2199384a4973bbd9956c4e4Ad0B7bf8e8bf1Aa35,0
BNBx/THE,0xbb25dd702471adb5d40df0f382586cb5cbf49bd2,Volatile,0xbC97dB24644C12734bbfcC9D429710E448e055CC,0x8f8595937414206B83E90F907179334Bc9DD59B7,0x3B8ED49B8C29be74cB6a837D8bF48B7F4e8A4C91,0
DUSD/FRAX,0x2c3eec9d939197caba5dd2a8271f7665a976a987,Stable,0x8D62b7E32AcAe1f19A39aB67C979928401B71219,0x2936A69BA0939bb3DeFE2f8c43957ad3490abf13,0xD59258944a36E202969cFe5EE2e588d11f2a8E4A,0
IDIA/USDT,0x0569d7d48255f0ba5d0eab17daa9dc32b5108c28,Volatile,0x296D8aAA6D9f4F0a57804e669EAF5c12745dfcFc,0x319aA6cE420FEB3e9ff7929B832E12D7B0Dc301f,0x00CAd65d4eCF853Fe8bDa7A5181679E16A7B492D,0
ETH/BNB,0x853f5dd18f6ccb2fbd5234dd4685127e040f93b2,ICHI,0x6655F4cCF245D9365551e5eB0cf5592748Efd1F0,0x8c6D0Bd0b5FEc1d4E8dab0bbFaFE121F1bd820Fa,0x7F3e30735D2Ad288153cf28402b3AC8824565a2c,0
PION/BNB,0xdc1e387fc2697f3737ee197712bfef9e1101ccd5,Volatile,0xD089D19e9c9a772C4a0d09A451b55790F152992d,0xeD523a19cF4f31f57008039EF117A7d777FbD813,0xC6964A544c993B919DDcD28ea7410077c2d093DC,0
ABOND/BNB,0x7868245cae5834b32b40cee01f1b536ad75c7d09,Volatile,0xe801f4a95F42b12dBf6dB207Ab01f15625758373,0x5620E36d93a94ED11E943AB73ebFF33112D435F5,0x6Df63474B178E31B0b5D1e43Ef2df38e98d0D18D,0
ETH/USDT,0xe5e8ab0bbf3653a54e4c8b90cdf2e837797f9302,ICHI,0x1793620DF5Cf53dBE78001cbc3A87C6EFC611be2,0x23ae9cAC25d493fDfa6e2c28C80219d01d2Aec8A,0xe3f2E584987F31BcaB8fD3B8aF5258F1e29EDa04,0
ADA/BNB,0x2f6263387f50af0d0f745b43aca19ee6a6f9f060,ICHI,0x375c55D626912A45aCae768573291B2Cbb783952,0xAd1EFAca6548865A1167D9A5DcE8b665f19d3b6b,0x8Ab73a1856B91d85D76A05b51d38014De4be289c,0
WBNB/FIL,0x0c85147cac8b3c93edd0b38740a331c18dcdd089,ICHI,0x24C5a9CE02ffb1F484d2B318c7b790D9fEabf24b,0x64BE3345d5C8B168Ec940fDF5F09fa3642B75a06,0x2b218bF2D9cA76a21c1Bb6b30c01868d489A31Aa,0
BTCB/BNB,0xa13303a31549380faee49f64c8eea8a026c550e8,DefiEdge,0xED2248519C431FD930964761c48C9765914f63a6,0x36f9280bC6156036047DCCECCe14fBc3163B3c7c,0x3C32EFf63Dad7833d10934d656044E2c0F5623B0,0
wUSDR/USDC,0xa99c4051069b774102d6d215c6a9ba69bd616e6a,Volatile,0x867A89CB8EB42007cE2aF9D7089CDAbc7840F11b,0xE8D1d2aC88f16Ab6290AbD6D7FF87Fd48e30796a,0x6422e62Be51F4c915fAb2ce5Dc13836F7642ffB1,0
USDT/ETH,0x0166b1667fb7bd91b343fbdda8e37c844010d02e,ICHI,0xaC51ea031D2AAC8f12701B1712fBE2A4950369ae,0x99832B21D18c14ef947118Ca0269d281FFe0d4b8,0x193459341eFF89855C98365E2Fc3745B2874A43F,0
ETH/pxETH,0x40d191474b32e04b907698ab4ca2a49221253918,Stable,0x3E59c0e2Cf42fD1B7Aa21b5F010acFa4b0a152ff,0xDFB75AD7CD6BDE632cA3D9d66534cDDFEc3A6Cf5,0x211A8F177A919D57Cd8a08C2325019Ce10e552cA,0
xZOOMER/THE,0x32b2136d62d68b41a6228ec0bc5f8a1cf141bee5,Volatile,0x3c26701159Ee78AD9f0c471613983Bb545f9dcdf,0x77ea6447D90FA8dd70668BF479626B0fb4581E9E,0xb55accFbffc293e6ba77505cAceEa22f09FAd77a,0
USDT/MMT,0x43a02372590fc4a1b4d2b33ee1575e7f8b4e1720,Volatile,0x0000000000000000000000000000000000000000,0x0000000000000000000000000000000000000000,0x0000000000000000000000000000000000000000,0
XCAD(old)/BTCB,0xd9f7096625b65ac37c09d05c1c4548edfcce9fbe,Volatile,0xF738EF4e474ca0BE21397b8690938f7aebbF7918,0x0284A34817144d0cAFfa2f7B80BD1D936B30A9BB,0x7e22016886919b00C9ec4dA16Ca44d9b929877Cb,0
LQDR/THE,0xb33d77159ea381176ab1eb11475fd65912d83728,Volatile,0x62C4527398f92f798F8D8bB5cDd176239761dB95,0xb454b8628Ea2E701366fF97952122A7808Cd3b9f,0xe05205f4AFFce5c5b7b81241Adc4b1e6fb1EC90b,0
qTHE/THE,0xced2490a69aed204e7a10e4aa10dddce5224287d,Stable,0x0000000000000000000000000000000000000000,0x0000000000000000000000000000000000000000,0x0000000000000000000000000000000000000000,0
BNB/BTCB,0x8ef2dc1b902548ee1844fc5ab889dc14c6c54c61,ICHI,0xFc6EEa7542d8275E29740e791ABe6ca868fA7340,0xe64C41eA3F33D7B2F77ACEae16e21212aa725476,0x86952D3aECF59E39466903031849fF771D6be88F,0
IDIA/BNB,0x57818b471ab3b7bdd558cfa0d5bc6ab35534aac7,Volatile,0x22493F3720df2Fd99A0fF9f8177Db6f6Cb6595Eb,0x63446c3d4593E3Cb1Fe2d67774221BF5C5e90860,0x6497549E649a54BC0305a56c4f5DdAD066a63895,0
AVAX/ABOND,0x8d090796078653dc0b7d7d51e89b54b6a723b344,Volatile,0x0000000000000000000000000000000000000000,0x0000000000000000000000000000000000000000,0x0000000000000000000000000000000000000000,0
lisUSD/USDT+,0xbc1aa784f7ffa59c1b2098c1005dd0fad2f7e46e,Stable,0x0000000000000000000000000000000000000000,0x0000000000000000000000000000000000000000,0x0000000000000000000000000000000000000000,0
USDV/BNB,0x3f3b8921402c35979fecc0ff630358615ee38937,Volatile,0x44313164f8290Ffa74F03C4Ed12c34E62BE14550,0x068B75165288C88479b530Dd2F82996541F4f481,0x9DE7c387dA60e56ff68CD1298a63B2f82768b8e0,0
BNB/ADA,0xdba90588d3f369bd9919bff05180a31476f6e5c9,ICHI,0x27B1E6ad358Bb0c3A62A4D1f26196AA491aDC55f,0x68D800BdfF04A0619ac0C4bA10d61f003A07ed50,0x5cC3f8507BC21bF4ED83Af872b940000595f01Ee,0
jEUR/BUSD,0x1960d3548f2031baf05daf558d5d644a580722ea,Volatile,0x0000000000000000000000000000000000000000,0x0000000000000000000000000000000000000000,0x0000000000000000000000000000000000000000,0
DAO/ankrBNB,0x16db1226f5a6d6f75649f2250b22717b0f922151,Volatile,0x0000000000000000000000000000000000000000,0x0000000000000000000000000000000000000000,0x0000000000000000000000000000000000000000,0
HBR/BNB,0x5134729cd5a5b40336bc3ca71349f2c108718428,Volatile,0xf3c04d74B62544772e8efddD5448a3c1a85F8F3c,0xA3C44aC7DF67e196C4DAd2F45C0f832130C30755,0x49430924bDBC36BBb322C727E30500C3FB88aBF4,0
HBR/THE,0x825b5b2b8f093250554b77e6d8a3de7f9893391f,Volatile,0xF98d57Ec1a020893720AF5F13d31419C8aB1aE87,0xf0d2E5d243335016536E14e7331900f4581fE26D,0x238FA6E7416b8123fC0C69D8d9BED578e67C3BE1,0
BKN/USDT,0xb3f941831c4610262fc51dd16fb9dbc9b4ada61f,Volatile,0x0000000000000000000000000000000000000000,0x0000000000000000000000000000000000000000,0x0000000000000000000000000000000000000000,0
WBNB/SOL,0xf2c7a7959e995f15b832c057985bf5861234025d,ICHI,0x29E244D07DeEe99c7a4c86A54369bBab3280F095,0xF7428DAB6b205318Ae99E0F8B36B3B54b212e20A,0x3287d3A0c5D0f7CcE16156C2dCa63f641292a904,0
LIBERA/BNB,0x7d68e7b1ab7af2fd98827bb4e2c652a2430141f8,Volatile,0x9A622B1F67A5DC29035578EEf60d585E316a4E64,0xA9358569E4D761cb7B178e36817C3B9285bC7E83,0xa16D5ce0Fb12770e37f59553314933ddB615A7A0,0
USDC/LIQ(old),0x0a65af66c963e04d28c1497066362dacb91dd1a0,Volatile,0xE057f5fe2042E3C48689Abb35928ecCCEBfd7722,0xe2A972009B2629E5f729A93AAF64beEDC7eCDDe3,0xD2F25D38aD1617a9896c7a8cF8287b0829Cf2637,0
USDT/FS,0xf68c4ff2eed4e47b683b38aa74d7ad05ad3a303f,Volatile,0x0000000000000000000000000000000000000000,0x0000000000000000000000000000000000000000,0x0000000000000000000000000000000000000000,0
WBNB/DOGE,0x3d671e08bce27039d6d087fe723776d729dc5736,ICHI,0x2a8322E4Df320D44Aa0F28EF65AdEc91DA461Acd,0x7399C090EbB6278B8AFDdef06200C923216c8E1d,0x0D3B6a520eced102A2b19186e3E67aF4ad2D012D,0
FIL/BNB,0xcda974d5d1b8bd8de8dd58d637db7b5220509287,DefiEdge,0xcF6aB7158d599Cf84504A7c8f0D5DaCD6369Cc5a,0x6A467651afb62b3c55ffDA531197Ba1166f7222c,0x16C22024ef8a6f836f17e2CCeE004F1e11d9079b,0
USDT/FEAR,0x5980f099ee0584ff7f840a3672983bbf71e69a36,Volatile,0x9b0E097a2DBb95213a16B661B81C32435119EC35,0xf5A6Df9325C7B82F630d5F4b3b25188985AE8bf8,0xf5E388EC191d01570d36a3AAf48fe76DFCf7675C,0
arcUSD/USDT,0x7b4b370bd85c2edf9354929418e0a01ead4dbc6a,ICHI,0x25d4aFF0aa854390Bf494a74634931c52C02b4E1,0x117039d9FdB6394A2e0921e9Cfb4CF7aF4974278,0xc91fDd0667e12343bb4d99A2E0b198edE47dDc72,0
MORE/USDT,0x8540cf27ff440e2f53a13819c4788578658f6f83,Stable,0x2e178BdF8903e2DEE7d01D70bDAAabD5eFDF12be,0xB5495afCB028329D3d99305E15f18236a554A2c0,0x4106d1DBcD8b4bCCd29F57b0c9ec2bEc32761ECC,0
ETH/BNB,0xfd59e64025d8dc9a5e363ec3c88c632d1657755b,Wide,0x0C83DbCdf4a43F5F015Bf65C0761024D328F3776,0xcB62dD44D64f499524Da1352597C6447B3E82FFc,0xbaeb5813cDe3Cea19b4270D23e0180bf647594a6,0
BNB/THE,0xed044cd5654ad208b1bc594fd108c132224e3f3c,Narrow,0x66eA6e9D8fBb4E212B7E59E864b25E312Fe6B897,0xa45E3456cc0013E0445eb44cE8c0c30243c2655D,0x18b345f28c34B302592fd55F407C594bFD08F7d5,0
USDT/BNB,0x921c7ac35d9a528440b75137066adb1547289555,Wide,0x04008Bf76d2BC193858101d932135e09FBfF4779,0xB05dfa16f9fddD889b73cfa808c842e070AC7f4D,0x03f4072F328284D73b13F0B739E9d3CE5eF66f29,0
FTM/BNB,0x457019b9e4c64de91e6ce4f59af001685c724fee,Narrow,0x1921Cb38F9c77C96D4554d956f99409b58797d7e,0x49cC183Db4bd928E6B84c26730f6cBb94082C835,0x90b1f735Fae6B2BF8E8c3D2343e9D1BA227e24Ab,0
USDT/BNB,0xdaa7d60733577453481ed790330617384b876613,DefiEdge,0xd0742E23194390c73462B94C1662c0e903809A8b,0x6904C360Cca445d5DB60F5e38e8670b8E798B8B0,0x5ce3df18Ce91f80557e353baA34804e046c6f01a,0
BNB/LIQ(old),0xd27f175c12c9d147ff1be4844856f224fd6223c4,Volatile,0xEcc758B21d5d8e1f06E97F6E3981df610C690Cea,0x5755584E1218D85023c52689AC776405241D86C6,0x28b311a06557E2BC3f54b3d41Fb528E3308928F7,0
LIBERA/THE,0x726cacbf72e650dcf8ca49d10bfa44ceeadd4751,Volatile,0x5D19275629E5030877D5422b3828907Eb953Ef0f,0x2372c5E39F52C695C75c64F04a24Be76C14b0317,0x1F1682113179eDa3880731b2ca65bAD95D09a3eD,0
ETH/XCAD,0xbaec5fce623cf6556038ee22c8267b8e6647cc97,Volatile,0xF4340D4b0BC5DF37Fb3faDB221d1EFa23eeF7077,0x7506fdd5362EA1873e01114132f08F12deC151ba,0x154c553Ee30189AdbfA5D52F5Ea5e9B863F94760,0
BTCB/BNB,0xd3c480ec7a47596ff8d63396227d1f7dc728a7f0,Narrow,0x65E40E779560199F5e68126Bc95bdc03083e5AA4,0xc7cd651CA104477B024D6af1143b1f11DDB79362,0x27A512AdC3bF2a47f0B1157E65f20727Fb6BDe5D,0
UNW/THE,0xd714206a7d63f5a2d613064815995e9cc7061988,Volatile,0x9412D9d7C21C570699e02D9f8CE600ba3C283EF6,0x22B38b78D7662947534eF836e724B715Af5E3FBe,0xfD9A2eBa60b75Dd33f4002945390613b44de3BC5,0
XCAD/BUSD,0x2896b0d3fb19b79fcb7b7ede832deb6c1621664c,Volatile,0x31722F85268d0Ecd7d97162bD8c6053493201502,0x5d62A917Ef54c4A1Ca8E18B3C9ACcC3DDEB45c88,0x41Ff274e0085461b18E3F822AE9a9403BF5A289b,0
XCAD/BNB,0xc53fe45e0047965da638aa70e9b6be3d68e2f80f,Volatile,0xdfc2E232CF8622831CDD7ACa20B6bA7418232c35,0x659E1D9EE868e839Ac44820Ccb00121DfFF0C287,0x1de1b6bb417D626558c6B11f4F9C320cDE9836C1,0
BTCB/XCAD,0x2beb5fee7f4d58e8e0efefdff5161f6e9127a502,Volatile,0x3980e149a5c64F2F1A507faa46456175E2b00F04,0x9a0B77c3209Df2D98b49Ce89E775630e2BE1878a,0x1B1E3Cdfe84D2c6cC6878543E31f1F82413E8317,0
CGPT/BUSD,0xf7897c48826b1a51f7a90143dd4f2c9c61964536,Narrow,0xCc54e8bDf6Dcef204C131aeDd09D53c1ec4235D1,0x3a25D108e9442E30EFcFAbf7A47b48c33Ef88CdF,0xD55E2eB79cf3ff480DC011d0aC1Cf5Af5631BB73,0
ETH/USDT,0xcbbc55d19ad453aa6484cd9a9bd244ab241ef117,DefiEdge,0xDAbC606798B028A93409Be9501ADd17D63c0BfE8,0x6FDba3CA2b873800f0Bf3C792f9904F13497d244,0x2DC0b2380293b07931cEa5F0728dFCAd8e1Bbb9e,0
jBRL/BUSD,0x33e3e8d3e1077ea9cc9f2f2c60ecec01814eba50,Volatile,0x66B4cb9b4C646eEF896ed70305dF544Aa2E84e13,0xbe9Fa3Bc413cc4d955B3FC8d19659D35411DdE64,0x8173Ef67091Fa4F3614Ac025893aBD52E6dd8692,0
ETH/LIBERA,0x5fe44aca2db7cdbe31bc3749a18753ec94ca699c,Volatile,0x284aDbEf6A8C737872ee045D3A329f51B098CD90,0x9ea60d45A255ae1801e57A180198F291e77B5eD7,0x394e04145CAbf6b73e0e713af5Db6d4b80786bC5,0
LIBERA/BUSD,0x4dafe1e55f4d45da38902d3e621999c07e527d41,Volatile,0x0000000000000000000000000000000000000000,0x0000000000000000000000000000000000000000,0x0000000000000000000000000000000000000000,0
USDC/MIX,0xeebdb610ef49ad004344bb18cc3cfd3552040589,Volatile,0x209d478bBDfEE5a881F7Ea570439B387D6623566,0xeD17bD0e67C87e787e99aaAB33BA01107C3F89A6,0x3010814CF33cd7BFCfCEB4BE547180cA28EA1E14,0
BNBx/RDNT,0xf2ba5122a1f2692c8785e0d3b10a99ac62475420,Narrow,0xfBac5a3A8025675d5c3cE2590ab1F90432d59DB2,0x2425C78AD70953Bdc920151C8D56CD9ba8614CA4,0xD20Ac75597a14dacde288e2954E86751F83588d8,0
GHNY/BNB,0xc6dd68b546d696d5a31837b05065a151d6b6f892,Wide,0xB1ac37c343954c1Ad3F4edb66B21598517A1a61a,0xAF5D05c3295F48d977c8801d348858CB02728516,0x20204EEBA0BC308124512B911F09e5369C85d035,0
BNBx/BTCB,0x64bb2c54dce689078478c6d40dc2a22d3ac25bcc,Volatile,0xABE9a2fa3057b8ADE4D01Ab9e6E5E1CE687572C5,0xA14564b46b6C7aF2357898B1E0214273571C860b,0xB32a4884009b748bfE580C9346E4eb09d329B057,0
CGPT/BUSD,0x135df9df6e7bba507ba0dac6c0469fff4af7f864,Volatile,0xf18C426f51296213f6264a910EF65d83d4F51d84,0x78439d7Fcd5eA91461e7846d3Ea0c1948aC97569,0x1e244489BC868fB9b6876eDEC27A8151C03d0fB6,0
BNBx/RDNT,0x3d725d263d55cda0407b720d433676661b540cc5,Wide,0x830AB99Ea865D024264BB757B5aDF849DBf60B6c,0x9E3D2a5858B56f94396d64E8D615fdFcd7FC08Cc,0xB41E4cEd45E7A040A6B4FE451D828cB6b32dF97D,0
BNB/LQDR,0x9dfdf32ae82c7e8ebc156ea28e6637b120e00d12,Narrow,0x8c7Ca3034c5fAF8e25b8700502EFD260dBdbD094,0xe7B372c5c04657388996Fd94ca0164D344Cc04c7,0x43C89cA074bF508Fe709f44F762E334f03eb1081,0
BNB/ALGB,0xdb85b88cc6993dfc06a2c5c5d2bec4e43677a2bb,DefiEdge,0x20F7718315586896b5c255776a4048FfcECB89aE,0xf508206ede7ba82D13bD8E4C2Aa3Cef6d2F2080d,0x7fcf034D22df90B2E8b64343C65aaebb7bb73E18,0
USD+/BUSD,0xe6eab9b5b0a27866f30091dc76afe1ffe70a8507,Stable,0x1bd476A5185d8c9213bd90FE1F37b430e2AF1307,0x25BAB94F38e4cb21e9F5e1dAFE7a43359559E906,0x46FD34f55D2a0321Bc800c281517cA52E639baf8,0
ETH/MIX,0xc8c8148fc304503941dfffe0b28211472597ab74,Volatile,0xB3c144C0AE30eD51b4250816202b847B97B829dA,0x327ce8b3e4E637Cdf762df95f7b454A50426cc7f,0x9bB03C963b66425b2F3401E85315762507E4A203,0
ankrBNB/RDNT,0x62034f60a8516a1b424c79c2e9a8c214d6cb97e8,Wide,0xe378C0e00660534652356eEC5af2E03717717576,0x11f9F002c4AB5781871486788256c25eda1E2b1B,0x8909E347F3cb2a38c8E109B7005cd166A1B5a202,0
GRAIN/BNB,0x33313ce58048838cca76fd2220ea3cab6f2d6bc7,Wide,0x69c388CaE4739A4f27E134CF0Ac5F1cA25e96843,0x6F0C9B685567809B02c6AB089F3B602B05c527e8,0x18eB273B8D08A7Ee6Ea64aCAfEf924E7B5c1940f,0
USDT/THE,0xb420adb29afd0a4e771739f0a29a4e077eff1acb,Wide,0xEBaAAafCA7E0192AAefc844bC18d31be40E7DD61,0x213B9889082a53A8b6b9cda3Ad36bB6D2dFb3a7a,0x2B5580deC3AaF6D6E56c3Ebf8D7250bBdf89947a,0
ETH/USDT,0xbcbac1c6b935b2d52cc88dc07c6614aac4d06071,Wide,0xD3001daaf4f6BCf2F7e3E06Bce01AAAaB719B160,0x84B72FfF2479D9BF4864D71455396206cEFc215a,0x7fA8Efc0e8ec080A0208b0a3F0dDb36b9df83D97,0
BTCB/multiBTC,0x2475ff2a7c81da27ea2e08e0d3b0ad01e16225ec,Stable,0x66B34c7578B513600a31A3f79C47e10546830efF,0xC71ccd1c4034F0f5cCb8eD2CAeD845C8edba1984,0x2106747370C2457005Dd6A8f5251833C0C2708b9,0
XCAD(old)/XCAD,0x97ff96baf308c910e3098b7b9d40b06759a3fabf,Volatile,0x0000000000000000000000000000000000000000,0x0000000000000000000000000000000000000000,0x0000000000000000000000000000000000000000,0
BNB/liveTHE,0xfd27b64c01b8dfadd906450887c5dfca0cc95f14,Volatile,0x6A8a3298F4B057b7B809AaC514bDEabB7fCF0fA0,0xC7678b2e19411Fa8c5C8dA16FcF0249db49FDC09,0x8107aA560D399A8201ae044a552611a2CF047885,0
LVL/BNB,0xea3f8926fa9ead0b4b05569ad21fd1dcea06b1d4,Volatile,0x0000000000000000000000000000000000000000,0x0000000000000000000000000000000000000000,0x0000000000000000000000000000000000000000,0
BNB/stkBNB,0x86b481fce116dcd01fbebb963f1358bcc466668c,Correlated,0x796472D20654D8751B481999204B623B264b004E,0x17F20E6E7023402C3dccEB4a226281A91FfFe17B,0x5B140f41F421fa57F944507CEabF1d5581003453,0
ankrBNB/BNB,0x754fd74e22255780a58f125300008781d8318e3a,Correlated,0x8782fA8e2C973f7Cc19ce28DDf549fD9114F69dA,0xFA420905f84f3A7F54539dea956A6748d6DfD084,0x8900F4687d30fe2c38f0D6e3B5e4d95f41a820F3,0
USDT/THE,0xbf9b34228dc024734793465bc9357ff36caa1ef3,Narrow,0xFDc6F532D150BdE33B3f4f4811a435D40D582Dbc,0xc21Cc464183FAE15A847CB6F933565b185eA8278,0xe4D51d10356eAdfca37203C5C9437E787eb91c7c,0
BNB/XVS,0x3330512631280f61199081999724554ea8d6ea85,DefiEdge,0xD50467C9A7cE8C5aF3C890B6fBCa14ae40dB728c,0x93bb8D5507376E5551da1b079B588C2D2CAd1358,0xc9e21d552d6630Ff579bc91c7982F7F982ee637B,0
ankrBNB/RDNT,0x8e5d38d9a303dc0f176e689c547a300365d2ab4b,Volatile,0x0000000000000000000000000000000000000000,0x0000000000000000000000000000000000000000,0x0000000000000000000000000000000000000000,0
FIL/BNB,0x9c3e0445559e6de1fe6391e8e018dca02b480836,Wide,0x2C8a9f1DB70641cdf90D24cd384219C932D06885,0x5a7E14Dba0F563afF8C984e990f58D0CC17347ba,0xaD2196df867135dbc4C0C4947a1E84496aa6854f,0
BNB/DEUS,0x5045f48f1665654b7ab52f1eb281674484d5ecf4,Wide,0x603402cf97E23b2B357f69fFE74cd4A7B81F92c6,0x74344257Bd9746CA110e10b0CDF70f226AdE0EF3,0x82653cedE832998c9Cf04fAE4BCA9620b5bF17D8,0
GRAIN/BNB,0xfaeaa34ef2102520e2854721a4b00136c1fdead0,Narrow,0xEdAf6D052B43B3E8A04Bc1A061add92DfEA13f7b,0x7A7761A9c8Aad9a7a4e9f3dCF0907b84DbeBbC07,0x0095174190580bf8a605925fFeCCb0eD79BaB3a8,0
BNB/EDU,0x2e960215441e04baebd941b050194508800c6fea,Narrow,0xb3D3f646adfd404cA2dF4fA56169C5b781059618,0x7e7B410C83379ED0EC11aa160AD6b8ab6A6D1597,0x71dB7F534840a5dB3381FC730Df4bB25E4572631,0
BNB/EDU,0xf59ccc4ce79afe0ca576ad7b7e5fa5fb04d3da6f,Wide,0x6eEDE2490da8Df87C97C6803A3F772d006e3f248,0x1678047B629200C59147619D83dD30375B02bCf5,0x938C53B7beFE1DE5787f9B036F0fF78b62e238cf,0
DOGE/BNB,0x8664eb4ba0cf0274fc583eceb7ea5bf9b14df0cf,Narrow,0xba414cdb25C94B20cF8F7c70B43B3371062e9C51,0x8f1D6337815E7FF97AF7aB3186A79E56709E39E0,0xbE9C6733a62296B54f791aaF016fF7a6dF039671,0
DAO/BUSD,0xbd5cc2fc7f30fb5d71caba5e5493048fadb6988b,Wide,0x29980c72cf901C619E92EF6991C8B30AA4fA1Ae1,0x2471ff709D35c6D9FB9D0af70ceB34bD1f82a8cE,0x024d9c43dDd338D39E54d98EC072b65E5EB55452,0
BNBx/ETH,0xd9bc6271abbe5dd01731b1b9ac2c1cb0ea5be246,Volatile,0x34E1e8A28c7d8833f9994daF369aB936F7cf1825,0xe00EC5dEc6eA8a68Eed3437428f9d18Ce269e863,0xE897A3588C5404f0ad11065bfe4ea62F3FAC2ce1,0
USDC/wUSDR(v3),0x219c2219371cbd8cc64bf97d38d1f39ed90ebdb7,Stable,0x0000000000000000000000000000000000000000,0x0000000000000000000000000000000000000000,0x0000000000000000000000000000000000000000,0
ankrBNB/DUSD,0xc47df29c6454c2206e54657f4716ec91558bc67c,Volatile,0x0000000000000000000000000000000000000000,0x0000000000000000000000000000000000000000,0x0000000000000000000000000000000000000000,0
BNBx/FRAX,0x3f18d9a1126e55042da5e4e7c5a9a2f51fcdb48b,Narrow,0x4F902c6fA1cf156fCE39D03Aff725927143a0AAd,0x5d21858Ecd62Abfe33389902DB28dBA857a24405,0xE6dB5EC1C8f767DF44a891C311A508d8a8b57edB,0
BNBx/FRAX,0x1c2ac2ea1063395c34d2b5066ebc7f6745196e92,Wide,0xE68d52C9Da1CDE8d1c65a8c95436B84aD5298318,0xbf8A81Af2E9D16A2B9D85ec1d7a97B1e52Eec05F,0x9165AA77e7Ce3f6A528990B06EEe357e445cb033,0
ETH/ankrETH,0x5c15842fcc12313c4f94dfb6fad1af3f989d33e9,Correlated,0x5F8a5C3C094C6eb31d6b99B921dbB34a5151b352,0xeDfa6d875f13A9e2183c40a42C74655077DbD1b5,0x14c79232eC2904c03E35C843B48cECc272cBbE3E,0
ETH/BTCB,0x1ebdf6e38ae6461ef5c8e97346a02934ba6fad84,Volatile,0x385B3c8c027aD31222012b08e76A2637e5f2D7bd,0xB7F9a0A80696cce510FEc03970b95D8659be5F84,0xB2e8E16b501a730a139f841EEc3BE84658fa9bDF,0
OKSE/BNB,0x8614c284607544ce008a7e7fcdcbc414a274b4b4,Narrow,0x362D11EA033e92dc418e788326e7ede13fbce2Fb,0x36EBC13eE1f2233Da8fF028Be4f45221e437C7A6,0x3D83Ddc12D214aaDD8B5Daa155DC49F164C28015,0
TWT/BNB,0x10677f99b9056dafc70b5cd74d5482887a060749,Wide,0x5c07AA5453346a0abE4708d39fE0E3Ce989958bA,0x0d3E0e65886206A6eF10e5D209fB05C9F0D84aDd,0x2208715bf0B7a627C002FBc0f985b6e97eAE0378,0
BNB/ANKR,0xa2a57851c9abf123be82a15978b68c0335610808,Narrow,0xb47A3aCd91aFa4C52B6B05bEe8B6d23983E8Bf81,0x85021CC133ae90510b1a62eCC2157f147CE89402,0x5b6fdC77F0eFF3Cf3f80eCe3Af90FD26c621d0e1,0
ETH/XCAD,0xdfba9e5af368bbf7ab92e68b09e05af3116f7fcf,Narrow,0xD16591E6b3DC08630C1655A1734254d383D4FBF6,0xB6e4e51A4366d418813BEA469aead937137a2264,0x82eD69fBAf8f9aF17D1c85821c3020034c28E244,0
USDT/AST,0xa9c1fe3b78a5d613b2dbc5764c893d4e9593a833,Volatile,0xC01F5fe48c2b9716657B8CA7C2fD24915090b9d6,0x5dA966f6B6b17119A9865dc8816805fA8633b3d5,0x2bCF89D48b432dD901C6Ab879624B1563Cad4278,0
ETH/LIQ,0xdf26702b1a510bc6860b2a1df11219f216b91445,Volatile,0x83367AD25679490044f44dB4e228E00061B19E17,0xE6FD2a7FA765704A0332Fd3cEB287023BD96Be39,0x155Eb123eD327baACB3AD0F431f9Ab50FE490745,0
OKSE/BNB,0x4fabb616a19669be093103684f4010b5b3351191,Wide,0xC503D8Dd197741C0A1FeE2767E8Cc33DCbD879ce,0x0379Ca3334EBfE91927AAac6DB824674a96CBd54,0x2Ae1A1Da9EF80BE63606975E92117FA243B12BFd,0
DAO/BUSD,0xb6395c71e7fa10334ca1ffb183896772c495d6ea,Narrow,0x1e07eFC6A6A0b2A6373745A2900c65DDE957EE6E,0xCbBc87F131bB0f5588eE807CF7BcDb58F1190a6A,0xCA8b1ed3225763C69c1a89914Ac91Ec351B9d716,0
BNB/ANKR,0x09f3aaac5aa3b07beec5987e09a5623d79cdb548,Wide,0xc73076103d92b90d0fe7F2EE420D0AC86851E808,0x70d54Dba3a28B53Becaf0A645360fB3E459f9560,0x188930759bA4511Dd51d242Ff016151E5DD79DC2,0
BNB/OATH(old),0xb84b03a6a02246ef71bcf3dde343b0a7e693e2b4,Wide,0xdf372d3aED90dcb70686957471c5f48CBf614498,0x59C9B0d421a3B000A6F9E7DeF9828Ca80594eF18,0x9F13ab0c3b820d6D1dB71b4E7693422Dc7B9C14c,0
BNB/RDNT,0xda57e73e5a2fa00c5c6b660454c1950dcb03e958,Volatile,0x0000000000000000000000000000000000000000,0x0000000000000000000000000000000000000000,0x0000000000000000000000000000000000000000,0
FRAX/sFRAX,0x7451ecbe4a56d103645e51a8d1d117606e8463b7,Volatile,0x0000000000000000000000000000000000000000,0x0000000000000000000000000000000000000000,0x0000000000000000000000000000000000000000,0
TWT/BNB,0xe98d0135d7c8fe39be84a7c5960efa1d15495196,Narrow,0x6f6a8ae754eec07f21C9f1C8652E39f08546c50B,0x0ba8B083680918f7e6525a1BeFC62c9D52513127,0x6618427Af39c908C323F0C2998657Be7Ef94bE56,0
MULTI/BNB,0x729e04f97026dc7426cf112bbbb00a9472097103,Wide,0xBAC61cE7cc6338D248398C4DC558e0C597B9F9c0,0xE67Db6636192FD6fe2918Dda0A01FbCE4499B1B5,0x5f8cfe7DE3537F9cfDAeCe720bB0492E4AeE939e,0
XCAD/BUSD,0x1d6b56dada36ff58a454a3f5cca3a3631f17e405,Wide,0x6219e198326478320cf6A77895Cf95c9D7FeB82b,0x989118925e1CcCa8D9935c56a83555a9C992f8cB,0xa519fF6653E9432766523FE42cA9693E494F5A38,0
DUSD/BNB,0xdd0118f593c91ef5fa40c34d5687654c215c3d98,Volatile,0x0000000000000000000000000000000000000000,0x0000000000000000000000000000000000000000,0x0000000000000000000000000000000000000000,0
FRAX/BNB,0x735b028e646e28ca91f7882f0866426dee4ff37d,Volatile,0x0000000000000000000000000000000000000000,0x0000000000000000000000000000000000000000,0x0000000000000000000000000000000000000000,0
fBOMB/CGPT,0xb072badf1c7c0d679ed204bbae50d9c2f7c6f87f,Volatile,0x0000000000000000000000000000000000000000,0x0000000000000000000000000000000000000000,0x0000000000000000000000000000000000000000,0
ETH/HBR,0xa26d4fac88227586e83312a4d2ddae42788f5c2f,Volatile,0x9ccCeeF9a4Ea26f627008dF3B2Ec3c58b190C846,0x876689cC91A9de4D177211224dA1E94b7bAc4045,0x3dD689941216f45e38171c4bE2d8ef0b11e260e3,0
LTC/BNB,0x27420e641ce96a6c0191dbfa0a9500eace33531d,Wide,0x25891Ef76c89cc38e980Edc8887b7751a19E670b,0x789C64387E4370a31F086802E13F052450f20841,0x9AFD80591cb7ed9F271caBd6c30E81f5F51Bdee6,0
jBRL/USDC,0x50cbeffdd5671c8cdce323e0553f1990678100fc,Wide,0x029DEc2899F0DA70515AF85aa1c07c7C3d34E7ec,0xe99262a51ebad75599F7EF01F4b1CC689Fb325F7,0x257Acc45c0aB7Ca40E32d892703174e05d34Cc6a,0
USDT/SEF,0x5d5f0b239303024d28f9a75ebd634a9d12513725,Volatile,0x891Def9E596Af27E11C94679Fbc8E0a074124859,0x13b0F44011777D1D6599B05c2d75cbE576fc8C9C,0xe8899AC9E9241CAe451BC4b660A09CBF034d5c4E,0
ID/BNB,0xfea715ab7e1de3640cd0662f6af0f9b25934e753,Narrow,0x8E1A05367A7e76Dac825B7fcaE3E0725B4b1973E,0x6a8C8132E5cd109eB4Fb76Ad9700305133609137,0x39FbBD9eED06A9AAa02086197c08644035Ab2863,0
USDT/FLOKI,0x2d65274c588c4f1f78da0d288f69cb47c2fefc3e,Narrow,0x19651F8d40123B58E91802A969d84434924ccbF0,0x8d18c4F932326624343b943C79402Ae543617199,0x48b9DC7192cF98EA407F00dF38683C963258c9Eb,0
BNB/LQDR,0x9f19ad14cd941e29b0e7ed8f5a1003fae4993dcd,Wide,0x77a7eE68a58e6F0FD06A4206dcD7Bf7B92FCd977,0xB870E15416e4703B4F554Ef5ad600ea2Cda3b1C3,0x43F06Cf5Ac612791f84a4848DB6796359e8A31D7,0
BNB/rBNB,0x3513292a2e0e0c6fb0a82196d7ed8eb499fe5772,Correlated,0x0f75C0004bcda3DF44B8375197F3f2c0915edA8c,0xC1BB5a9Ac7D9F40A8B7E0917Fb404EF74e7144a3,0x49c49C10ad25949388E191838ff7A9430FD6CED7,0
USDT/ERN,0xc8fadcc6cb1a5386614097bf93cdc27e5d2c578a,CL_Stable,0xe7Fea1D6F152BDd4c1A7276434E4ab3bAd08DFAe,0xf84e635BD8B2E10685fe93779CAC8dB619Cd48a2,0xD6c081fE4B18856a88d04c753296A4FD822De36A,0
CGPT/BUSD,0x07d0ada02f272d61e09988d661d512b95d0c68c0,Wide,0x6154F429B46091cBbC5e0f33f07B84dC4EC33aea,0x8d68Ee77f8E5B5ADeD61d772a1e2B4eaF3C460Dd,0x186bF735Db9cD8068E018cDD3712b1a60fDC65e2,0
lisUSD/FRAX,0x887c2cf737c5f2283540367efdd84e91d13c759d,CL_Stable,0x319aCFBBCcB75c9Ee913D2830AcD0B2Ab084EbC1,0x1cd82eB1c336e3a22f6F7eA2710aA1f847abB029,0xcb188e129343dC490088fB473679307C3BFdCc6E,0
stkBNB/THE,0x96789a7d719434776243a2640b066db4f4e778af,Narrow,0x318Fc05C4A2eCCf3EFDb81135FEa182aAb026EfA,0xA967e0718A79abD11257F3b2D417Ade2f1D84b4B,0x52549Ef220A1fc4704B5241A509b0098ab39d52E,0
BNB/THE,0xe8ec29b75d98d3cdc47db9797b00dcaabea2b15b,Wide,0xFBfda960853C7002bb3f4614392503Bbd92fbA74,0x633c64210E2F2c639db55c910bDf60C4126f8324,0xC9bC848e07a00de96651B6CAD155F6D14519C29c,0
ankrBNB/RDNT,0x137b283858b82ed466823e81b7f791a04f7f6f46,Narrow,0x6b3090713fD7d81B3c897BF89f01c1ce130a0072,0x02C3a538e805370022a6958e97AffeA9253650f2,0x9B9872497582B8569b04EA7B463F2414D51F3eEC,0
BNB/MATIC,0x831a0db124e830c8fce65af2f3527f1ac5401e3f,Narrow,0x661258756e46195dAabdAdbE2b1Ec35AA0982708,0x65B2F2F3Ec2C0a49C253e72E65B6a272Bff81d7F,0x990F80dB32B8Ca76a0484589a9d67e1007D5D81d,0
frxETH/FRAX,0x7708a5efb177361a155c3674135b4ae368e0a59c,Narrow,0x3fcaFB385924EAc30Cd079EBAF1256873eEe65D7,0x2a5AEFF245262EaC5bE622bDc4Cf06d21Ba823Fe,0x8895b0FC668d400a30dE5BcB7B226E9C897c5aB1,0
BNB/MATIC,0xd56901a24220d68fc751b95ed518a44b7f194f66,Wide,0xcc97677826875F55FbA50cA010f73C80aBFF16A6,0xd85CF66303Eee65D14b4cf620ea6b602b56f3D6e,0xFA1Ce7531B7351362bc2f97Da3a8B502CA384524,0
wUSDR/USDC,0x339685503dd534d27ce4a064314c2e5c7144aa92,Correlated,0xaD11A9034fB8657ebBB2FdD75f7254C2805F4981,0x2e59003F855FB81A7d33879bD9f14B650FaEA6D2,0x9E2A52f6226A2Aa7cc3D8d910e2F14445E01dd1D,0
BNBx/THE,0x818c686536f8b86dade0841fcc2416cb89201a05,Narrow,0x2281a659358dAC24FFa036B6FFA939eEfac5a3d3,0x20e5f88cc0A0701Af8181dC6ea97D6ef5CbFB105,0x60d36797c4116c467D1AE7F20c30097450652602,0
BNBx/frxETH,0x178b4ef248a6b11d0f913eeece694383dcf6a888,Narrow,0x89aD66aA8E27842D9d8f62f608Ace5815426D7E6,0x03F75512F197E06917863923401000155a4810Ae,0xDc7e7ec0dBAFb4F0becb95d613B52daF657439FB,0
BNB/BIFI,0x6896655ebad0c3730776111040d7731975a42abc,Wide,0xF352D2709BcB4A50a87c8780D6006a8115a599ef,0x3f64Ef50ef2285c46Eb7B617Dd476593252dDADb,0x1814D57Ea6D4AE3823fc9C30378E857d9f7d49Aa,0
ankrBNB/ankrETH,0x5e5f6af97cd4f7f71322192e85ecbf66f85163bd,Narrow,0x1aE3a213FcFdAa5C5cA6e829c78A8d7fBdf84330,0xf954C58f89C691a5E221424843BF7DE435eF3d1C,0x5Fd5e5aa6D80900f0304b63dAbA544DEA92290e5,0
USDT/FLOKI,0x36260cb6df1cfdaa7522bddf7e2f9ae8e86bef58,Wide,0x62364757b0113125c725b91B36A484679b33E775,0x9bdb62B36D3717Feaa6aEDE69505f8B2847f4267,0xaf4098442a5513a532485CcBa38e3CfD4d5C20BF,0
XCAD/BNB,0x3002098baafdbae6403e5df225f295d4fcfdf2bc,Narrow,0x9144cD71Ed9fbdAAeD4A0677Cc973cB8031dBd4C,0x770BBF567b4212320A371357EbD112BA6C17feE9,0x0dcC9002A0805c6ad0E16465C01902D14d9618c1,0
frxETH/wBETH,0x99f5fd4588401e482d577a775b645c86678e308d,Correlated,0xB9b491909B5e77534A5751f88f48f1bB750B527D,0x9a449A1d624F6859a3c9579C30c341ECC98cA647,0xD8c69C22d09072ADDFC615E3006A479BdE7c1c57,0
stkBNB/THE,0xc9ea5f5d8648b03893bb9824a06f2411ae7f27d7,Wide,0x50e5dE6bdEdE72E622dfdD599D53c3D9938c4535,0x0dc28C0ab2a1bb559272B614662d6dA48fe06D68,0x5c75e8F491B5f2c5bc1cC91FDf3514d0dA112587,0
BNBx/ETH,0xcb6a1de651f3a89bd9bbc5f0d15c01fa24b0d728,Narrow,0xdd1dEFA6f68b035c436F688Dc7F8FA1CD9631844,0x2e4fA5B136969A05463177Aed24Edeff83b22c76,0x0C68f6955e0181eB898E554e5AC2D832B1ba4089,0
ID/BNB,0x34ffbd9db6b9bd8b095a0d156de69a2ad2944666,Wide,0x005750D2519C3121740716690e4c51939565F9Af,0xD6e89014A6924261F27024a2019b9d5369d2b954,0xD60808861a0b42693BcfCE462D745B17718c622e,0
XCAD/BNB,0xda93b6524f9b9ca3ef37cd3fc9f27d01eb7b376f,Wide,0xa5269A6180D4B6c07af4f07EeCc63B360B812064,0x64046E79d7962D5F308F9237eB8f2Bf95a1Bc8B7,0x4061f45b6102831bD7d1d85A83Df664353FC6B81,0
lisUSD/BNB,0x91fa468d7703c773d4528bd0c50156403bad0252,Narrow,0x5aCebBE0d2a2486FD10765396c6dFb95C8521d08,0x4A618f016EdB580d02ce3d5Dc5C9ff4eaFEa316f,0xE7F01f9Bd6C3294Aab1156356DcC65967213703a,0
BTCB/stkBNB,0xe7b2f6ffbc2520428789f8cd984cf709b26851b5,Wide,0x6d8fFB9a23B9eA6CA9b910783d0a4961c5af6A22,0x9DE01621287AB5cCeeAffF5cE779dCeae643C00d,0x411aaE085491F3aF65F658641C78A8689fB15259,0
GHNY/BNB,0x49dcc56354a5a4875fb5d8bd7e7073c4f8868618,Narrow,0x27c16b7C81006a1E85e6de60eeE7307879523c8B,0x0a629a04A4cAAcFAb920e91574E0EcC20E540d7C,0xe00f1BAd29091837E79616497fBF3B19a363c2Bf,0
BNB/DEUS,0xf07c6760cf104fade420cfc0bad1d040205803ca,Narrow,0xeAFB5B6230Fb69E1DaD4a426DAbacAd9247239D1,0x99CA2E521492C2c7E2AE9aca891aaf837dcB04D5,0xd1604f00F0101c87047cf7E892f04998FB1AE437,0
XCAD/BUSD,0xc9e88650db57e409371052abe7248aa854013613,Narrow,0xA20992a10b63711aFB6998032f64F62aA9164642,0x332b71120d64d62Fa04D14746225c8d392f4f3ac,0x8b1D7BA3068f6655B44Bb1CC90A6Df47dB34C820,0
LVL/BNB,0x2c0cb3cc3834c6ba783a2564af6877b67795e6ee,Narrow,0xc1C9c25172FBeE39c258E8B32eaf6f45131Dd301,0x254D03513e17d68Ef9011cb97dE95fE58E0431ca,0x8fa67Fc71245B653Ed3182a3dE9426b63F082041,0
ERN/OATH(old),0x4592b39902d8b9f2e1b3d4d37e18143665494a7d,Narrow,0x231487f6c466c16808a21452241550Fee4CE9027,0xD0cc7e15692280b9202dCF39c36ff4a2879CC870,0xC8d98C34011C0f5e5aBA3EBb5280699B86B4d7c2,0
ankrBNB/USDT,0x59194e9ac8ea33f4a54fb92f4887aff14751b297,Narrow,0x95A668c6AAE4EAe7D2f0201AB99f340a86DfA63A,0x1de549Fb13f875DfdDe8f9276877C400A60BF166,0x9E88119Bbb8c6cE67B8a1c2651F21C123400631c,0
EQB/BNB,0xa5260ff1b9d64963dadbbce52cafee919274b32f,Narrow,0x4fAB3d8bA1Ad91Bb6ee8Ba7144A397c95538a38E,0x28D14C0Db78cD693b825380640ac24de8598D44F,0x88b167FCb0724F1e5A4E10E8089a93f23F05e1F7,0
CSIX/USDT,0x5a27771713631d7e3c0f1e781ac1d48f2b76458d,Narrow,0xEa6DB89bA474DC659b00fAC41b6fACdCa94A86D3,0xb356891444f65aA1256C76b367A1BFf701dB1FE2,0x28953340100b43951043e15Fbe3e7C6f097E5dbf,0
USDT/PENDLE,0x97d81162b96d57476ccf170595a39c1dc76676c9,Wide,0xf19ec28683CdD46440A51B250fd9cDDBdc2c1cB4,0xdc0b599e54bf326eE3975A9B88bd3EA326DF3E1D,0x128D5900C1F27cE2C1aa5655F3460970da6C2333,0
ARKEN/BNB,0x2784f6c62a12dec57f2b6c0e64f2757315cd44d0,Narrow,0xf97F14CE5EcFc5470b7832Ef89E9BBf16baD394d,0xBd6d2dE14a5638489f1Ac4530CCF06dB2d98E359,0x0B15980Df32CF918c51b6f378bF3BCc69Ef44458,0
ID/ankrBNB,0xea8775ab71add9e41ac4655ef439a3fd028532c6,Narrow,0x12c14083478882B53AfA0a31280700d4278A05F2,0x916D2A3bbB3F4D50d394c9263Ee2d271153dA6bB,0x3b3b3696F584c59709F04391a7bc458e68cdD910,0
USDT/OOE,0xc75042c472229edbd72e65cb88e1d2a87ed6c8c3,Narrow,0xd6d977DCC31E52ea19b4b447C35Fe6eCd38F0969,0x5fae4D777A963c87C3927d172b59086F9D73A048,0x2E6C8cD6986ad3e9E789Fc3fC2AE0c026283DE8D,0
CSIX/USDT,0xa0ae511748c9b8876cd686234842277bbf919a14,Wide,0xE88C4dD1a77A9763C6dF09D61c2De074B7D0Edf4,0x5f1c0335B99DA38A2F03cc532b7A032A025cD525,0x1fe98D43a07CBd77963D51bAA5bc18Fc98a32c62,0
jBRL/USDC,0xa3dada1a351f9245a84e1113c4ddfe1d2e916827,Narrow,0x38935Fde3C3227Be04F661E7F1E9F07ea920C41f,0xd3bbA730C9134Dd3Aa255469386D30738AB2123c,0x69E49ac8BFD23a73707545aE12BD6cd84CeDd789,0
USDT/BTE,0x0e7d766ed7bfff9cfc51f6245d62a8002bd2221c,Narrow,0x371bf34BA350ade1114BFaf3DD21EB55E9503be6,0xF56c39Bc522315951fBCcE28124A0920C70244F1,0x114F8Fc97be63cf4B133f75dac5ab535d965C030,0
ankrBNB/THE,0x23d13bc67bd086b8beff6393ebf863d6a8c7dcdc,Wide,0xCDEf7CC69FE09d353330416e423149B220075f98,0xacD34BAa3ad9A42Ed01eA6138d63aAd97A22fdC0,0x988eE00FBC29a4b822C83c900dc205d1C7421ec0,0
BTCB/stkBNB,0x2dd1142087867d971d02ab5af75a022cbd03f31f,Narrow,0xD1A21AD540B9Df59E3A58Afb5800817e8D569f89,0x1A045c12481908b1C341E067ed25Fc9b8ABa5813,0xC35faA184C220F761D2Cb2F4b81c700E0370a3E5,0
ARKEN/BNB,0x4edeedff00a8bdb98b57a2f28e23f384ac391780,Wide,0x104F2aE934aD9Da92f002fEd263476021188cD61,0x4c848CF071127B6cA57CAF118Ec5836499d6ED14,0xCBac4f46aE3b2Eae48943d6298624DF10225D9f2,0
EQB/frxETH,0x15638597385a19eb84f4ea7f8054f97c28e00621,Narrow,0xb323C5fe90e3fAbaEd5B7e975C229fC65Ee7d978,0xD1944253E6Ef404f039789679f075dFEFF8189a8,0xA8AbA5ccAc82d062f728Ae4D2b6435a637cD6FE7,0
wUSDR/DOLA,0x92104a7bec32297ddd022a8f242bf498d0470876,Correlated,0x2174e40F56806D32f56Ad95202a4137B9F513E0b,0x8AB2280E89F117f754Cb51b6F37Ec4D0D0cc338e,0x1D699eE49F8A09fEa147a0aa4488415f42fDc77f,0
BNBx/frxETH,0x91ed9458359d0c7bc03cfe21a58c905fd64402b3,Wide,0x2D41D22abfc9672fD503596CeE624322aA81d163,0x46635F6133d315eA2785C2760dB579fA996283F7,0x97f273168fd1aFFf0f2C5aB2A277a71E0458d762,0
BNBx/BTCB,0x0827841963cc8a0515b5baa59782b0a0870b5f88,Narrow,0xF40d8323c3a9d108467a23a4018b637Ed0817aD1,0x3348B0E24B82c2F956a99f0BbDdc75dA0a9aFAa3,0xf08271e643ECc6483B36D0775eeA6588dc2E7857,0
ankrBNB/BTCB,0x4589c07b77bc5271a3a84fe83e255ec370277be8,Narrow,0xBe4D4fA65fc80593B0B06a2b155fFe93F1419358,0x8b1D9Bc54426deE13BA7642C01A47818Da23053A,0x776C5F3a15fe0caE24876D766a88a33Ffe04Df1e,0
ETH/stkBNB,0x95375694685e39997828ed5b17f30f0a3ed90537,Wide,0x41Ce74337E3DD64696DEFB1fd139Dc21f3941AAa,0xEDa1C4a69914727C465bA1e086217dae791e7D36,0xAbC406B71d8cd84bE27582AC75f3F2329082cfF3,0
TWT/ankrBNB,0xeb4c1905387004b953abc1184c86e7bfd773b039,Narrow,0x3e0eA8a11b5c66F0195dd7895BDddca20680b61b,0x24ea7D0997fd231632802FB19A43AdE92694CCd7,0xe4bAd1724a4FEA71b4ecEF648f817270A7E45688,0
EQB/BNB,0x69182dc057b209f6e8340bc5699e23c79da8982b,Wide,0x9379fd51807401A748FA08B68533615A8b2D0446,0xE4A7c60bec301D1adeF1aFfb40Ab87f521Ebc747,0xa09249966b94c18155CBFd5DDC91011aCfd37022,0
lisUSD/BNB,0x9e1101c2fa1e5afc8a06364f4e6bf5f672c30f68,Wide,0x6585Fb1E525d8590788b0E54eea10C4B8E7E53d1,0xf29636F43b763768cefd70eB82431da8E4a80948,0x1b30Bdd5b4eC6e9Ecf3A6f1595Ed21B994a0b214,0
BNBx/BTCB,0x630ea7c98d797c8b9920b26ab3f335b26fc421b7,Wide,0x4D351d25A14c4aE54dA1CF60F5c9BD5f1De0cC8c,0x5bdc2385CE3dCA109CEcB56F3d50b030B9105a17,0xe10Eda3c9Bc3153B385D1dBF18ED08FeA4e3c0b7,0
BNBx/ETH,0x8da13b7289c579b363afa40f9a5a8a264a042e3d,Wide,0x7EF23f324bb489431aD2BFe8374303924F974766,0x696a9f81e349efF7FE63b9991004CD78AAf18606,0xBEaa0C9D47537c521A59cd1AeB9D11AA296F358B,0
FIL/ankrBNB,0x6b3ce487884a1fc90b8a970c4e739cf14ba6356a,Narrow,0xc470FD00f9FA81668DEFaC82e239d1869982a2c8,0xa0e04Dc23265fEfc2578AaDaAEB5E01edbbFA347,0x42e444383CF63c2bbFAD46142dccD16bA7618CBD,0
EQB/frxETH,0x2842df7133c7078b96f3bfcede5c0d615f21b098,Wide,0x5DB4Bb347Ce1AF7891547B293D9d641651d37cbB,0x9Ca5b862Ee53cb66e4BB3caAe9F27FC7d098FD40,0x8cd7429d4EdB8d1876fF9873D0aaA828819F0d70,0
frxETH/RDNT,0x340fe1bfdda7abdfc3580081066b00202618a427,Wide,0x25157f7e5B6C0A81bEB288B28635D1860D110F3A,0xd37dD3C2710a179c511e3089f09d294067167A88,0x2dEA6a1e9745A3312A6777C7a947D77d4310433e,0
frxETH/BNB,0xda1b385acc8028647564ae27cab9af7b60c69cfd,Narrow,0xCc289Bb3B17fff955A51253a633f13F7D4e9D62F,0x84799d7b184460aA9E7eF232161F35C6d7Ac15ee,0x996fC780DD3Af31E00B23069d15CF86Bf6c9dc61,0
frxETH/RDNT,0x5c11e97bc720e5c61afaa991f839dc6fdaa6cc00,Narrow,0x03E52A9185DA5336109B2DE493E5652b15cd8C3e,0xf3dE05790282660e201275A5d4f7083A883f6Bd4,0x6761D75621683f0a81cf75D0addD936F34AaA799,0
PNP/BNB,0x6685136c03b7cde0d222506142afebac38f907c3,Narrow,0xb573d8fcC627A7053CD992a0d5B90879916c7Ded,0xF14dF9DC8fB25274CcfFCf02e815F4c15fa0b85C,0xE1e5BE23EF9ca1246332cDe51E3FD4DE5b328A33,0
USDT/USDV,0x87153daf9c7c11a59f779422711f8538f93ec409,CL_Stable,0x481065f229dE2f35dC597aB3214a2CEdB7EAebf8,0x94E60b792fD21FAb17104553B57c4a9270c47363,0xbBd545935b9A98F5F48Fbe0371Fb788fAEB46A2d,0
OATH/ERN,0x577f0bdbdbe23635c39121b8575f413b69f82f85,Narrow,0x1fd0ed809e3C16f0A8a8Bd658B64D4C1213F38a6,0x893a441b678Bf3345B0B6368b38Ff9a230Ffaa4C,0xd30327eeaC165cE1e393e4b081cA03bd5Cb95e4F,0
BNB/XVS,0xbdbeb09a06dbd397157cedc306920c20d05aee7d,Narrow,0x8d5a2d95E74FE0f82c55f69Ee703022fbeCdBb1e,0xc3496F49c17A7163a4Acf0B75D782E5906D58381,0xE6FBD7fb599AEd75365EBB93ffeDfc798Fc80655,0
OATH/ERN,0x6271abbc42d8d86b95e22c12836bf2a688a275df,Wide,0xa5CF680f01d9ae345af94aAd0104E2ac4Efe5e3E,0x5600c0C326acf52752F8280017E3B4FbE0bbA20e,0xb4fCBf069373bde9f42809AB3373A4e33147092E,0
stERN/ERN,0x953c96a9e1568af1af25097be056b622acb0d9f9,Correlated,0xba1C3525145f1cAb6f702a2E8C4317c9CE224fd6,0x3b1bD95fB8BE9E5E26B4BFe7e5aF6b099F14D4B8,0xd06492A4dBa8028B8b63bc7c37E2618fe93b9aa1,0
USDT/PLAY,0x581814149ffcba0e3c96d63700920f391b335430,Wide,0xEa17dBe7a4141B380a016bac87850f8Bc2Db09f9,0x2535A184a6b9Ff95440ec831b1D85FEFe30a8A37,0xE33D0154606B3Ca5259d9B941Ff50c06eF3BbCE6,0
ETH/USDV,0x9f460bd8355676523d3f0031395f26c64b209fef,Narrow,0x7F561f51B7bD30196d6DDa957df33185adDE2e8d,0xeD18221b8BDbCe547c127A95298f60f1dA286c97,0xE82791B2D4382A06bb9b3DA77dc77D986b8088fC,0
weETH/ETH,0xc2c05763ea35c4db63c49631206f07215d6d0d39,Correlated,0x98C6F030F1B58edD1037b32348307E4667559a40,0xbde2aCC9216FCEA18668C66951d03756Ea2f918A,0xDA8259b396303F9a7C31516Ef888e9D8e129B4b4,0
BNB/ABOND,0x137df93a0c22b863c1b335d1b8d389ea3895ba13,ICHI,0x44eDA8E261b0ca1f6c137EC571Ad1428001418F4,0x5faA9eE5d693699C21AEB53F6Ce88631C52E9A6e,0x78ba42a4f4c73677873eC4abDCb623E2BCb536c7,0
DAO/ankrBNB,0x00a9980990a86505a03e92194849b596e7a99b0f,Narrow,0x35384cdd9F8C108bCB2DB21da461C7eB62a999b4,0x3E4C147fe9178b8cDFF27151b957Ed1B6ea9e1A5,0x83242D357B61A78987f49a82Ca1A36B98FAA69A7,0
slisBNB/BNB,0x3685502ea3ea4175fb5cbb5344f74d2138a96708,Correlated,0x7Db93DC92ecA0c59c530A0c4bCD26a7bf363d5D1,0xf41Eb3296E67D0bd8E44a626734b0a73932fB1Fc,0xD546A06e8401A78C5273e66FAC3D790Bf04514cE,0
AITECH/BNB,0x21ff674b79c2d0382c6a387e1c5f7936f826e8d7,Wide,0xB4532Ba8232507C46a2AcDd9084d15a125C45cf0,0x18b369186c80FA69cE4654e86F0250ff69B4fEc9,0x965eEeF35C5cF876e26C7C3421b5Feb31f32dfD0,0
ankrBNB/DUSD,0x5c5cd850c6f2280286d58ee1ae03fa90a1a587b1,Wide,0xa447cD0c7bf89FE39c9e1b9aE2fD6bc5bDf9FD93,0xcAFFb7AF905651C438700eFef770e4AE1851f434,0x6f1a058a133Af5C2E9b4a9B4c7FbD4E61b907A27,0
USDT/TON,0xdc6f26e5f8a7ea128a8a06ce07681b3cde5280f2,Narrow,0x37A1e481d104A56d84aad0520a0AdDa5457BE5D5,0xAEeEF78935E9c7086517331f3196B6a5573f2df3,0x8D916Ff1c602eDb09bb72207456DA4c70A7D6659,0
BNB/ERN,0x6348eda687b6fc4238cdfaa6ca36bb6196d867d3,Narrow,0x28cE8858515AB64Ba595AA7481A897D82f999949,0x526D6a562EC0cfcC5261AD00d6EB86Faf7fEc014,0xf300e556Df383c68B3c7E344f105D93CE19025D2,0
DAO/ankrBNB,0xb8b0ba96daedbd14119794893742d8e67bcf0fb0,Wide,0xBcE8EE68F5C3bb7972Dd2EcC505eC5D690D092b9,0x727e206fd1E96ECE67c6a820eAe22601c99c259A,0x14Cf2e3D1E0582966262376378B2DDC9a562B4Cd,0
AITECH/BNB,0xf10c20aec3565a41ffb7a065c4f005e7043727b6,Narrow,0xBE3170020E2d11fA417BC94163449A13981DF61B,0xfE2797d5CD1F96Edb12e13c2812BD05C88FDe212,0xbe79FF235852e19C9Dec95c89FbA7A879bcc147F,0
USDT/PLAY,0x08e6cbb9fa3a0743b53441e4ed124759aca8b74d,Narrow,0x59F9D6a17D2B7af7CEdE5a323e6CEbdFE4844948,0x363ef25CA54D93B837aCD8696A776051e7540c75,0x075aEE6c1a3E4bCf7414e5EfCe405404E9B4c117,0
USDT/AST,0x1164191754f726edb85466f84ae5f14f43c111a9,Wide,0x12c497B1787B19A7821E6176498448ad18b6e857,0xc789B8f16862c9972dbCB1f9a367e78Cd38DaBf9,0xF9336974C91d414cee1A1008CEcBf659C4A47172,0
ETH/FRAX,0xa553ab1423b8d416a4a8405ea6815eff881e1070,Narrow,0x9fBE4E2969C397c8139474ad8Ec501f2106b7f59,0x1d4c1E64BE0d36C25cD10Cdf426a203A6d9C596f,0xDdcC2e3470acaF7ae9851F7Fa463b16E95669C00,0
frxETH/ETH,0xef8c57c33db63cc16a893640504e319eadbce1bd,ICHI,0x7c6BA312216bFfDB590d0706eb069282fe24810F,0xd7aa6dd22606A9bc80AE6fA1A5b7A97F7fCcaefc,0x955153d0Ba6286F487717395c63064cEe5E9F483,0
ankrBNB/DUSD,0x1f6c58bca82ad5b3750ec516b0fb8be71dcbb1f9,Narrow,0x3a8720114B0697C1Cf1aD63030D5744edf7c92E8,0xE0766670a490D53d01B02D7d516184d760a979fA,0xc38235CB3Fee15AE8142515eE55eCE2B6d86F626,0
USDT/AST,0xfc094f2eacb5881ab339e445c40dedf8b0ea3459,Narrow,0x872BE619b756fF447541873CA25876c587C3767C,0x19568cA2F0e97413c0900EF93bF4a69dB2bFc576,0xb8096307c6BBAbE791795E66b5D1130f87B53537,0
USDT/TON,0x325d67b8ecccb53c1164eb9fff96676487c38ad0,Wide,0xCBeA28DA0420B6B4365ea51E84D0C4fdB72174Dd,0x5Db9841F601AabC37f19ae667Cb08dCBB31fCaCB,0xC77EA64E26724C160642681bbb560eb5157bC070,0
BTCB/FRAX,0xc66a9aee68a43601ce07614e2529d8f6b68e3cae,Narrow,0x69a490A8Bca14FF4738004a407D0412ADF43728a,0x42D995B1099BA51583571985167864A7dFbD6472,0x0766B210de5130A61BE1f8D7E089C4Ad28dddabC,0
ORBS/BNB,0x34a021758a137ba168ed6d627e0c2b9b7feeba1a,Narrow,0xF1639EcB3A78335B5BE9E68E4A2D03E74f850Bef,0x151A84bBD647D97B5ABd1C9c8B10CeF199d6a1CA,0xdB2871E900bb7c48d76d4CE3D0e13F9273787fB5,0
USDT/XCAD,0x219e0c098c0dc0e220c292188c701c347d33740b,ICHI,0x01A4Fa4879f970b747643Bf70812737ebaFA6292,0x3c3E386d6508D1551067fB49AD2836C4661AeE28,0xA638cb497ECA7E002B0cbCBd39749201A3db3558,0
HBR/USDT,0x593513098203cb7474d4753604f36fb6c0d7b802,ICHI,0xfFe944F9403f7f8c3B679f5ABE2c7714894A7B03,0xBED3F7Ee0d30B05c9801C884a2E76D5dbc37b465,0x4E084464f0E2172EC937491AF33E7dfCF0B63734,0
ETH/BTCB,0xdb39454a85f2a2f4b100b73d89fcb36c12b9fc90,Narrow,0x8280735A413640C6A4D5F72aD5C954c21d6B9870,0x60D869f9E50F94DfA8811755f3dA693514f6Bea4,0xaB61eB8499b306550C7Ba53881445A1982Cb4a37,0
USDT/ABOND,0x5d321dae19ceedea365dbbf3d8a6521e4812deb0,ICHI,0x3C0a94600963eB65Fc1C4a149422195CCe3099Dc,0xc9B689d99Bb683acE297237be2040e1a9188C6bC,0x4e149F91998E084127463d41BBe774B2009b6B49,0
BNB/OATH,0x09c10be51f518051de7ea3d4899e321ad9922367,ICHI,0x589401A756b9b74E2e609e2cecC665366a242546,0x611066752359ADed1a0fB51882fd27221fff01Bb,0xdA08A7b1D1D85Afce21E65f6acB3FA1866523674,0
FIL/BNB,0x534f164bdc5e31bbbfb32bd48cd85047da9f960e,ICHI,0x6f7eA78567691efEC79096bdC52376425d913a20,0x81D8632bC25da8A40cE4d2fB807fd6285d45f1F8,0x5494869451E59e254c80b9803197e6f67Fbd005a,0
BNB/USDT,0x015eb9b9ce3ab0ddacdab35880171b0078edc02e,ICHI,0x38CF72812A09D58B1A64222A9B474C26138E4005,0xa04007D46F59a3A9c6adBeD8084382Ca06011a7f,0x520a779aa099C0511dD214da992f60cCB48d525e,0
USDC/BUSD,0x7e61c053527a7af0c700ad9d2c8207e386273222,Stable,0xB00894E7c895dDe3707e2C6FB6abe08156AC4231,0x6C7950EF8138b59BEd8774031597b695465Cb32A,0x38833fFe690914Be6325977ee40bE2Ce6D4F3F64,0
ETH/InwbETH,0x1a8fc8272126b98c856acd756a5e67d3568abe13,Correlated,0x3d07A9A1832F68994e0320BC1B47fb89943545c6,0x0bfd69d6Fce7b7FB06028F6ee1b02F75EBf61cc6,0x947717BF0B65B3054A9b3B4dA77CE23cb95FbC2a,0
OATH/BNB,0x5f82cf3a2e4e1ec8b31c4eebcb2815151509a082,ICHI,0x4eF6b05Db739D723d6e51C4A1C0F2eEea868DADa,0x5a2Ac65cFC67e0f2EAeB5322322bC0c5d8F3A69A,0x9F977Fb379d0A6E6F08318742eA42993338C5f4F,0
USDT/HBR,0x60e0ca8b53741d7e29a757408bd1d8b1eaf6dbe6,ICHI,0x6AEC3024508609Bd643edDDD3411cDED2496471b,0x110B46f405d933715079cd4624c8BDEB06E1b92F,0x0707e8e5e6165897ee9403Acb0c7C4B24Ae87ee8,0
USDT/BUSD,0x6321b57b6fdc14924be480c54e93294617e672ab,Stable,0xe998120c06f1C1dB80122399aEd2Fc5e49BcB51f,0x9B868AA830AAa61Eb92F0D6FF649938057f18Cc1,0x4398cFBAe6628171d47f5623e4f02F9419E097d8,0
ETH/CHAM,0x972291c293a2ee6c7397017a6412035976e4326c,Volatile,0x7b2816258bb2B5F3EDFD3777E1EAAA84241a2e99,0x0EE9DF9f3Fd63f3a861C03E32B56C78372aD85D4,0x0541ca91B8a3125b4c1a1DD61A52f6DeCB2b1AB9,0
BNB/ICHI,0x92ce6311d4df089591a0b438265667c452d23fd0,ICHI,0x434DA5fbb893Bc70fbd08D85992AcFF2933C1550,0x33C4E4451D5f95Bc3cf8B0ee3b9c438709A1245e,0xd9C8d32431eAe66d34Fb2104E8D24860Af2Ae203,0
TON/ICHI,0x07244d1b405fe2bce8fae4195a1b762df106d6c9,ICHI,0xF09e11655FF638C524A9F3141825D4692B122534,0x3E2d6d28FC7AD1906757A72c20EB13FA248E9A17,0x799446FdF549306c7EA05d5cDC00Ae50A951f569,0
BNB/ETH,0x629dfc05be606e773b1830d2616fa627c0d07f08,ICHI,0x80BaE01b2fA04F54E574397a9E4A97E88b31f1a4,0x9c66968A4d920565c072c00259B3b011FAB2C446,0x744C6d661f3e15dD00cE4Ee9E16c7F4cC28b07a4,0
ABOND/BNB,0xb38eb6303563f20887834a5466ef7f1d4d7a2c1f,ICHI,0x90f6Da3ad58FF3A30A1f5e6F632590905A46A7b4,0x9BCF16021ABc92fA1743B588C4BAA51136df4ABd,0x312F6bD38f29775d43e0aCB705bB61e88aFFcB59,0
WBNB/FTM,0x7cde74581bc997a84f8eb831f7fce92c0f593357,ICHI,0x86F4EC2FEb20aB5E5c1eb48327e0f07A6C1d8F19,0x2e9e5D1C1C3Bf57B010Bb1dC1AE5D285Ea41171f,0xFD88CDF99d0f05566ddf32AB0DD294d74dDf9040,0
FRAX/USDC,0x3f3b49cdaffe74f158af9168c1a852dfd2a72ff5,ICHI,0x8946C1AAfDC2fd3A2C089420e7D06B0D277658dc,0x99A099fD1849Ca6654fBDDC518A085Ac5C9A947F,0x04f670859D42e3849b95749710F6CbAeee09FFFe,0
eTHENA/BNB,0xce71693a998d7ce11714a6b80f8de90c994ad198,ICHI,0x00C3c3370c56131791965Eb894904a1534123158,0xbEfA4a2d52bC5cf7Bb633f311Fba6429A6Aa10A4,0x5418f6829b2fA7Fb8A7F7E8d6783fb554FbE6666,0
BNB/BUSD,0x483653bcf3a10d9a1c334ce16a19471a614f4385,Volatile,0x857A9531d8C1b47495336baC40FF86C0c7467b4A,0x92B1a90121077DFfc0f867d9A7146D2180341f52,0x9Bc9C3f9c5a7b51F0D3E95B3C9D55Bff5750215d,0
ETH/BNB,0x1d168c5b5dea1c6da0e9fd9bf4b7607e4e9d8eec,Volatile,0xF210937f7D4bDD700CbfEd977451C5602EcE2342,0xC001b658db7013C0F5368D43F9a40aeAE03aB1F2,0xdd372600C9AaC0b7cB7ecb2055087A2531C30664,0
BUSD/THE,0x34b897289fccb43c048b2cea6405e840a129e021,Volatile,0xc04CA17B1c96C73E32DCb7cD0A1BA69cbed5bC67,0x4271A694A87AA785A48e380C405d44B966E59073,0xaAfCA39c36AcFDae99fE1EBddc767A4Bffe237a3,0
BNB/THE,0x63db6ba9e512186c2faadacef342fb4a40dc577c,Volatile,0x9206fF0db7a937976f08527bb8110a249fE80a2E,0x791c9b7c96EF4F781C001985e0357664E2eBE80F,0x746905dfC1eFfB91ddc909695F52Eb308aAAAe4f,0
DEI/BUSD,0x06589abd54582783142e3d1165722e7e10483de0,Stable,0x4d22DD55A9f4E5de12523e1B7f594CF57605ED31,0xec31916f359c141BA859851569b5E7De4fC02E0f,0xB41adC9e7948435494445CF1c9c5A2675CaBDE56,0
XRP/BNB,0x9855cd520171a2af7f13806877ca220956b2e25c,DefiEdge,0x6a19Bf598Cd991987AE4a70f2F017bbC502Be1C3,0x35b99074D904dA8eaa48ae228d1D736fAA38e6d4,0x1d78F2721b776FD84CA663Fa424508d35a735461,0
BTCB/BNB,0xd328d129e46f9b978416599913102e8cd64593f3,Volatile,0x9709c91aFEe40EA3D0983d00b780cCA07F9de2D0,0x66CC7C708C10008D6Be580157D35A3c22E92ab6D,0x4D395Fd599cFE2b8f12A9DdEe1CBd935aDf51ac3,0
IDIA/BUSD,0x3c552e8ac4473222e3d794adecfa432eace85929,Volatile,0x19aBE34435054AB0d92A281bbb54d15dA3e1c7B7,0x45E958a174feCd293d5D7939eAacfE9E351Aa6b8,0x7548B58f27107AC7Cf5FD992BC76ac857Cb16fC6,0
BNB/DEUS,0xc8da40f8a354530f04ce2dde98ebc2960a9ea449,Volatile,0x586cF0Ce829e39c3B37944E183D2DFB280191b50,0x1dD170a9Dfa4BAD55FF0F8D0CEa8dc53Cd61BD6a,0xdCcC5d7cA8f8145863AFf6CB0f67609Ef77332E8,0
USDT/BNB,0x6be6a437a1172e6c220246ecb3a92a45af9f0cbc,Volatile,0x11D54604F7BAe940D6CA106539B2986c36DaBe5E,0x070022E35f22F9DF8eBb1DAD9C169D5e0C16873D,0xD1Dd663851d8BB1D16602de04f0a337FA947660C,0
BNB/UNI,0x8c8be091d9da385f4f225fa727f6d04460693e21,DefiEdge,0xf83284E0c00B510B7b7548B6A05f30c7Bd10c2AC,0x3d7A960CC1c1F5EA50D8eCEC2cFdAF74c90462Ee,0x76F7d3b4a19B97423A5474C9Cf274CdB82054b10,0
BNB/stkBNB,0x2b3510f57365aa17bff8e6360ea67c136175dc6d,Volatile,0xd836D06De65fECbA04d9a9c06544D1FF948b0EDB,0xbB405a82C59D26Fa5021337f6D87Da30A9a1084e,0xebC41af7A2E93899924aB75D7999F87a068DC8BE,0
FITFI/BUSD,0xcae2c0d6937671490d3bce4c21d57ff313f407eb,Volatile,0xc33488a5d71762624141D458726A3Fc5233cf0FA,0xb8434B4481106b7eA6Ffa88D6Bcd2AbC89683493,0xd8d5b968DE0416Cc4F6430C82418141C7ab63C53,0
FRAX/BUSD,0x7fcfe6b06c1f6aad14884ba24a7f315c1c0c2cef,Stable,0x7A8A0607F1C4cE060e7308BAf650264fdc6473D7,0x591d86d66078CB1250fD6a5Eb36ceb07d6c197Eb,0x57Ee61da3A075973Eb2Bd0286b946c9cE5e506f8,0
DOGE/BNB,0xa869c09fd847b7934ca9ea7aae08475a5b03a32e,DefiEdge,0xD559EB9bA19bE03634E54DfC30D025FD22467cbf,0xc7358F79a71F2687d4b4D9ddbC9D8e8B591D6314,0x7992f6d9a4b63B70720312644B1cB2EC93fa2DCe,0
lisUSD/BUSD,0x93b32a8dfe10e9196403dd111974e325219aec24,Stable,0x5f8a3d4ad41352A8145DDe8dC0aA3159C7B7649D,0x1669DedE34c2CeEba9065A5783D74C543C6518C9,0x833514f90292318398ECF61564DD87059351f978,0
GHNY/BNB,0xa97e46dc17e2b678e5f049a2670fae000b57f05e,Volatile,0xe1aD94646E9866d48cca59080535eF782d03B4af,0xAA9C6d5b6769FCB017411d0B1247Bf55Bf954983,0x2946813Ce1BBd13C1cD26C9ACF22f5dED73794A9,0
TAROT(old)/BNB,0xb2604b72b3aa4af8d0419c736de2d261b40ec755,Volatile,0xA65BcdE0d453735f835470F4fD733CBFf96a403c,0x8ED9B2A0fd34980EcD08d0828884cd81af56D06b,0xef9B54e0C4129D4D32d9E4A16323322796694fC4,0
BKN/USDT,0x78dda21af857ab8d0b3780f996ad53046161733f,DefiEdge,0xB68A802274630726D19055344E7f392cD23c80EB,0x3cabB69670ad33F49e307fB23731ee317d1000D3,0x2F98Fde61A25fFEB3452f68AA65a1E49b4D3389D,0
SolvBTC/BTCB,0x5f28dccd24d1fcb6805e6d71ec15fa93cb0cf360,DefiEdge,0x516922e53DC4D65a1633B05c0Dd6f27B87159CD5,0x4f0319Aee2fbdC0820CEB7Ab387D94207B6eA0C8,0x748F0eF305E5e9978cAd8fD3bbb9Eeb0dBC11186,0
